product;Samples;ADI;CV2
PPP1 PIPETTE SERUM NON STERILE 1ML;;;
ALCOOL ETHYLIQUE ABSOLU RECTAPUR;;;
FT5000 CONE PROLINE TIP BIOHIT;;;
BOUCHON COIFFANT VACUCAP 13MM;;;
OPTIFIT TIP 5000 BULKBOX;;;
CRYOTUBE 2ML    CRY2JSC;;;
ID DIACELL I II III 3 X 5 ML;;;
066031 CONE DIAMOND GILSON D200;;;
CARTES ID-LISS/COOMBS AGI;;;
K6421 LOCI TROPONINE 2X60 TESTS;;;
ID DIACLON ABO/RH + ID DIACLON PHENO;;;
K7032 CRP 2X200 TESTS;;;
1398 ID DIACLON ABO/RH + EP SERIQUE +;;;
GELOSE COLOMBIA SG MOUTON PB5039A;;;
BOUCHON TUBE HEMOLYSE     BA11;;;
TUBE HEMOLYSE 5 ML POLYSTYRENE  TH5;;;
K7034 ALBUMINE 2 X 600 TESTS;;;
9290 ID DILUANT 2   600 TESTS;;;
Cone diamond gilson D1000;;;
3624 ID DIACELL A1B     180 TESTS;;;
CD 4000 DILUANT LEUC   1H7301;;;
ID DIACELL ABO A1,B    ;;;
K6423A LOCI NT PRO BNP 2X40 TESTS;;;
PROPANOL 2      234415154;;;
STA DESORB U   00975;;;
CD 4000 REACT HEMOGL   1H7901;;;
GELOSE BCP (20 BOITES);;;
ACETONE    234400971;;;
bouchon coiffant tube 5 ml;;;
KS855 CUVETTES REACTION LOCI;;;
K2125 BILIRUBINE DIRECTE 4X120 TESTS;;;
0443FÂ¨PARAFINE PASTILLE HISTOLOGIE;;;
 ID DILUANT 2   IH 1000;;;
CONTROLE QI GROUPES PHENOS  108020257;;;
STA DEFICIENT V   00744;;;
K6444 LOCI TM FOLATES 4X30 TESTS;;;
K3019 AMMONIUM 2 X 20 TESTS;;;
K1021 UREE 4X420 TESTS;;;
KS804 DILUANT SYSTEME PROTEINE;;;
K825 V-LYTE STANDARD B;;;
MAY GRUNWALD  FR09765;;;
K6416 LOCI FT3 2X60 TESTS;;;
K2043 TGP ALT 4X160 TESTS;;;
K2045 GAMMA GT 2X210 TESTS;;;
K1077 ACIDE URIQUE 2X280 TESTS;;;
OPTIFIT TIP 200 FLEXIBULK;;;
STA NEOPLASTINE   00667;;;
K835 V-LYTE DILUANT 2CARTX2000ML;;;
ALCOOL ACIDIFIE   CL620581;;;
KS999 FLEX VIDE;;;
K3057 MAGNESIUM 4X90 TESTS;;;
K4060 PHENOBARBITAL 2X40 TESTS;;;
K4086 VANCOMYCINE 2X40 TESTS;;;
STA PTT AUTOMATE 5   00595;;;
ID-DIACELL I II III   004310;;;
1000030181 PACK PUTIFICATION Q GARD 2;;;
K6440 LOCI TM FERRITINE 4X80 TESTS;;;
Vitamine B12;;;
FUCHSINE PHENIQUEE    CL 620121;;;
DIETHYL ETHER RECTAPUR 1 LITRE;;;
K820 V-LYTE STANDARD A;;;
K6430 LOCI BHCG 2X80 TESTS;;;
K4012 GENTAMYCINE 2X20 TESTS;;;
TUBE HEMOLYSE 5 ML PLASTIQUE;;;
6612260 CTLE C PEPTIDE 3X2 ML;;;
K2015 ALP 4X400 TESTS;;;
K6410 LOCI FT4  2X100 TESTS;;;
KC775 CTLE PROTEINES 3   4 FLACONS;;;
OPTIFIT TIP 200 SINGLE TRAY STERILE;;;
001048 ID DIACLON ABO/RH NOUVEAUX NES;;;
K3026 PROTEINES URINAIRES 2X90 TESTS;;;
BLEU METHYLENE   CL 620201;;;
STA SYSTEM CONTROL N + P   00678;;;
CARTES ID-LISS/COOMBS   004015;;;
11513860 HUILE ` IMMERSION  20 ML;;;
4837 DC SCREENING II         576 TESTS;;;
STA CLEANER SOLUTION   00973;;;
K5022 ETHANOL 2X100 TESTS;;;
KC130 CAL CHIMIE 3 3X2 FLACONS;;;
KC510 CAL DROGUES URINAIRES;;;
GELOSE CHOCOLAT+POLYVITEX   REF 43101;;;
GELOSE COLUMBIA+CAP 10 BOITE PB5082A;;;
STA DEFICIENT II   00745;;;
K1167 BILIRUBINE TOTALE 4X160 TESTS;;;
65.722 BOUCHON SECONDAIRE COIFFANT;;;
KC110 CAL CHIMIE 1   3xX2 FLACONS;;;
KC420 CAL MEDICAMENTS 2  3X2 FLACONS;;;
K4078 ACIDE VALPROIQUE 2X40 TESTS;;;
ID diacell I II III    5ml;;;
KC717 CTLE PROTEINES NV HT 4 FLACONS;;;
DC SCREENING II    ;;;
CUPULE PP FOND CONIQUE SANS CAPE CCESB;;;
KC660 CAL LOCI 1    2X6 FLACONS;;;
CD0025A CO2 GEN 2.5 L  10 SACHETS;;;
KS807 SOLUTION NETTOYAGE ECHANTILLONS;;;
KC120 CAL CHIMIE 2 3X2 FLACONS;;;
CD 4000 REACT RETICU   1H7601;;;
944-157 PACK SOLUTION;;;
TOLUENE;;;
KS850 CUVETTES   20 CARTOUCHES;;;
K4087 CARBAMAZEPINE 2X40 TESTS;;;
K1073 PROTEINES TOTALES 4X390 TESTS;;;
ETHANOL ABSOLU   234414607;;;
KC632 CAL LOCI BHCG  2X6 FLACONS;;;
CONTROLE QI  RAI   108030357;;;
K2038 CREATINE KINASE IFCC 2X400 TESTS;;;
STA STACHROM PROTEIN C   00671;;;
6604306 REACTION TUBES 1000 TESTS;;;
KC516 CTLE NEG DROGUES U  6X1 FLACONS;;;
KC785 CTLE PROTEINES 2 NV BAS;;;
6X019 EMIT AMIKACINE   192 TESTS;;;
K3048A CHOL HDL 4X120 TESTS;;;
6802131 AG HBS 100 PUITS;;;
KC640 CAL LOCI 4        2X5 FLACONS;;;
AN0025A ANAEROGEN 2.5L  X10;;;
ANAEROGEN COMPACT   AN0010C;;;
K3085 FER 2X120 TESTS;;;
00545 STA FM CONTROL;;;
0443F¨PARAFINE PASTILLE HISTOLOGIE;;;
99231 DILUANT COLORATEUR SMS;;;
K4132 LITHIUM 2X60 TESTS;;;
CUPULES FOND CONIQUE PS 1.5ML;;;
PROPANOL 2;;;
CD4000 REACT A WBC   1H7701;;;
K4071 THEOPHYLLINE 2X40 TESTS$;;;
KIT NANOODUCT 6 TESTS   2501 SS043;;;
GIEMSA FR09264;;;
K5095 CANNABIS UTCH 2X60 TESTS;;;
K7064 PREALBUMINE 2X100 TESTS;;;
K1023 CALCIUM 4X330 TESTS;;;
KC678 CAL TROPONINE 1  2X6 FLACONS;;;
DITHIOTHREITOL SIGMA D9779   1G;;;
K1061 PHOSPHORE 4X300 TESTS;;;
K3056 LIPASE 4X120 TESTS;;;
K3017 AMYLASE 2 X 180 TESTS;;;
TUBES POMPE MOYEN   91485;;;
STA MICROCUPS   00802;;;
K2054 LDH IFCC 2X400 TESTS;;;
20846361 ALCOOL METHYLIQUE 5 LITRES;;;
K1270 CREAT ENZYMATIQUE 300 tests;;;
K4064 PHENYTOINE 2X60 TESTS;;;
066508295 ANCA FORMOL  LAME 6 PUITS;;;
K5088 PARACETAMOL 2X40 TESTS;;;
K1027 CHOLESTEROL 2X300 TESTS;;;
KC770 CAL PROTEINES 3   4 FLACONS;;;
STACLOT LA   00600;;;
705030257 TEMOIN POS COOMBS DIRECT;;;
1000012081 VACUUM CUP 10.1DX10.6H;;;
K1033 CREATININE 4X510 TESTS;;;
KC676A CAL NT PROBNP 2X5 FLACONS;;;
1072693 REACTIF SIGNAL;;;
BOUCHONS CELLULOSIQUES   BC9CC;;;
K800A V-LYTE CARTOUCHE NA K CL;;;
PTT LA 00599;;;
KC725 CTLE APO;;;
GELOSE M HINTON (BTE CARREE);;;
MUELLER HINTON + SANG   43321;;;
GENTAMICINE 15;;;
TUBE HEMOLYSE VERRE   TH1175;;;
TOXO IGG II  VIDAS   30210;;;
CD 4000 REACT B WBC   1H7801;;;
00543 STA LIATEST FM;;;
NOUVELLE REF 21341  GN VITEK VT K2;;;
KD692 DILUANT ECHANTILLON TROPONINE;;;
K7072 TRANSFERRINE 2X200 TESTS;;;
1000028097 TUYAU DE POMPE IMT;;;
K6412 LOCI TSH 4X240 TESTS;;;
KS840 PLAQUETTE ALIQUOTAGE;;;
K7052 IGA IMMUNOGLOBULINE;;;
KS805 SOLUTION LAVAGE CUVETTES;;;
ETHANOL/AMMONIEMIE CONTROLE NIV2;;;
ETHANOL/AMMONIEMIE CONTROLE NIV3;;;
STA STACLOT PROTEIN S   00746;;;
SAFE CONE FILTER 5.33MM;;;
ACIDE SULFURIQUE   234 410301  1 L;;;
6608123 SOLUTION LAVAGE 400 ML;;;
K5091 UAMPH 2X60 TESTS;;;
K5090 METHADONE UMETH 2X60 TESTS;;;
ANCA ETHANOL LAME 6 PUITS;;;
Rh control M;;;
066022 POINTE STD DIAMOND GILSON D10;;;
6615723 CONTROLE CANCEROLOGIE;;;
K6442 LOCI TM VIT B12 4X30 TESTS;;;
KC410 CAL MEDICAMENTS 1  3X2 FLACONS;;;
KS998 FLEX ABS;;;
STA STACHROM ATIII 3   00596;;;
K7042 HAPTOGLOBINE 2X100 TESTS;;;
PLASMA DE LAPIN   56352;;;
KC716 CTLE PROTEINES NV MOYEN;;;
K7058 IGM IMMUNOGLOBULINE;;;
GELOSE M HINTON (BTE RONDE);;;
CPS ID 3  43541;;;
K2069 TRIGLYCERIDES 2X300 TESTS;;;
K1270A CREAT ENZYMATIQUE 4x200 tests$;;;
D DIMER NEW VIDAS   30442;;;
K3131 CHOL LDL 2X90 TESTS;;;
6800598 CTLE AG HBS 3X2 NIV;;;
K6435 DIGOXINE 200 TESTS;;;
K5020 SALICYLES 2X40 TESTS$;;;
HEPATITE A VIDAS   30312;;;
1318450 HVC 100 PUITS;;;
CEFOTAXIME 30;;;
KC140 CAL CHIMIE 4    3 FLACONS;;;
ELECSYS BRAHMS PROCALCITONINE;;;
K5097 BENZODIAZEPINES URINES;;;
KC330 CAL PAL  3 FLACONS;;;
Cardiac Marqueurs LT PLUS 1;;;
ELUANT 1   019552 1P;;;
Cardiac Marqueurs LT PLUS 2;;;
6600653 CTLE MULTI AA THYROIDIENS;;;
1787753 AC ANTI HBS 100 PUITS;;;
ANTI MOUSSE SILICONEE  1 L CHEM LAB;;;
REACTIF FLEX ALTI;;;
B09145 FLACON ROND GRADUE DURAN 50 ML;;;
CHAMBRES JETABLES   5991040;;;
STA CK PREST 5   00597;;;
ACIDE CHLORHYDRIQUE  PUR 37%;;;
KLIGLER  20 TUBES;;;
GELOSE HEKTOEN (20 BOITES) 43111;;;
FUSCHINE LMR22;;;
ACIDE CHLORYDRIQUE NORMAL;;;
Diluant échantillon TSH LOCI;;;
KC240 CAL FER        3 FLACONS;;;
CD 4000 CONT RETICUL   1H7201;;;
ETP  ECOUVILLON SEC STERILE TIGE;;;
K5092 COCAINE UCOC 2X60 TESTS;;;
controle immuno dosages 2016;;;
OPTIFIT TIP 1000 FLEXIBULK;;;
Barreau aimanté blanc;;;
STA LIATEST CONTROL N + P   00526;;;
CIPROFLOXACINE 5;;;
LAMES POUR CYTOCENTRI   5991059;;;
KC710 CAL PROTEINES 1   6 FLACONS;;;
RIFAMPICINE 30;;;
TAMPON SORENSEN;;;
PIPETTE 25ML   PPLS25;;;
K1039 GLUCOSE 4X1200 TESTS;;;
ID DIACLON ABO/RH NOUVEAUX NES;;;
K5093 OPIACES UOPI 2X60 TESTS;;;
CD 4000 DILUANT LEUCO  1H7301;;;
STA UNICALIBRATOR   00675;;;
AMOXICILLINE + AC CLAV;;;
OFLOXACINE 5;;;
PRISTINAMYCINE 15;;;
Liquichek Immunoassay Plus Niv2;;;
Liquichek Immunoassay Plus Niv1;;;
OXACILLINE 5;;;
KC 720 CALIBRATEUR APO  4 FLACONS;;;
946-008 CASSETTES 600 TESTS / 30 J;;;
TICARCILLINE 75;;;
BLEU DE METHYLENE PHENIQUE 03 35003291;;;
TOBRAMYCINE 10;;;
KC787 CTLE PROTEINES 2 NV HT 3 FLACONS;;;
TRIMETHOPRIME SULF 25;;;
TUBES HEMOLYSE PP STERILE 5 ML;;;
REF 30443 VIDAS HIV DUO ULTRA;;;
8H5302 CD SAP VENT ASSEMBLY;;;
LMR18 CONTRE COLORANT BLEU;;;
SAFE CONE FILTER 2.51MM;;;
KC460 CAL LOCI DIGOXINE;;;
539 POOL NORM;;;
ACIDE CHLORHYDRIQUE    234 403871;;;
DOT ANCA GOODPASTURE(AD-MPGD);;;
KC320 CAL ENZYMES 2       3X2 FLACONS;;;
controle biochimie urinaire (CMU) 2016;;;
FOSFOMYCINE 50;;;
Tubes à hémolyse en verre;;;
BLEU DE CRESYL BRILLANT (solution);;;
CEFTAZIDIME 30;;;
STA FIBRINOGEN 5   00674;;;
CO2GEN COMPACT   CD0020C;;;
2H6302 AIGUILLE ASPIRATION;;;
6800731 CTLE HVC 3X2NIV;;;
ACIDE CHLORHYDRIQUE PUR 37%    234 403871;;;
STA CUVETTES   26453;;;
KC350 CAL ENZYME 5 LDH IFCC 3 flacons;;;
22259 AST N103;;;
K7062 MICROALBUMINE 2X200 TESTS;;;
HEMATIES TESTS A1 B SERIE 1 2X5ML;;;
KC270 CAL CREAT ENZYMATIQUE;;;
B5900-1 DADE IMMUNO NV 1  6 FLACONS;;;
6801715 VERSATIPS POINTES PIPETTES;;;
K7018 APO A1 2X100 TESTS;;;
6605256 ACE 200 TESTS  IMMU2000XPI;;;
1000036430 FILTRE WASTE ASSY INLINE;;;
ERYTHROSINE   réactif RAL SA;;;
SERNGUE 3ML SECURITE KENDALL REF FR053;;;
43621 SM ID 2  (20 BOITES );;;
controle acc;;;
ANCA FORMOL  LAME 6 PUITS;;;
STA LIATEST DDI   00515;;;
Seringue hémoglobine;;;
AEB521310 GELOSE BCP (20 BOITES);;;
DOT ENA 10D (AD-ENA 10D);;;
controle hémostase;;;
PROCELL ELECSYS;;;
6606953 C PEPTIDE 200 TESTS  IMMU2000X;;;
K7028 C4 COMPLEMENT 2X200 TESTS;;;
K7056 IGG IMMUNOGLOBULINE;;;
S1000042641 REAGENT PROBE;;;
MANNITOL MOBIL NITRATE 25T;;;
COOMBS ANTI  IgG D FAIBLE;;;
K840 V-LYTE CHECK DILUTION 6 AMPOULES;;;
BOUILLON COEUR CERVELLE  20 TUBES;;;
254093 CANDIDA CHROMAGAR;;;
ID-DILUENT 2   ;;;
43481 CHROMID ESBL 20 BOITES;;;
K1137 DIOXIDE CARBONE 4X840 TESTS;;;
ERYTHROMYCINE 15;;;
B5118 CTLE ALCOOL AMMONIUM 2X3 FLACONS;;;
SOLUTION TAMPON PH 10   R1100525CT;;;
6606384 INSULINE 200 TESTS  IMMU2000XP;;;
SOLUTION TAMPON PH 7   R1070525CT;;;
TAMPON PBS REF 31098;;;
THNH MICRO HEMATOCRITES;;;
boite serothÃ¨que alcoolÃ©mies;;;
PENICILLINE 5;;;
TEICOPLANINE 30;;;
KANAMYCINE 30;;;
AMOXICILLINE 25;;;
6600688 CTLE ACTH 2X2 ML;;;
LIQUID ASSAYED MULTIQUAL  BIORAD 338;;;
AC NALIDIXIQUE 30;;;
TAMPON PBS 100 ml;;;
STA MINI REDUCER;;;
SAFRANINE 500 ML;;;
PROPANOL 1 NORMAPUR PA;;;
LR90SF02 LAMES;;;
CMV IGM VIDAS   30205;;;
TOXO IGM  VIDAS   30202;;;
STA DEFICIENT VII   00743;;;
43565 CETREMIDE GELOSE 20 BOITES;;;
MILIEU DE MONTAGE ENTELLAN;;;
PIPETTE 5 ML GRADUEE 1/10 STERILE;;;
HEPATITE A IGM   30307;;;
STA CACL2 0.025M   00367;;;
6606783 OM-MA 200 TESTS  IMMU2000XPI;;;
7C219 EMIT TOX TCA CAL  3X3 ML;;;
B852-000FR LEGIONELLA  NOW  22 TESTS;;;
P05138A HAEMOPHILUS TEST MEDIUM (HTM);;;
Liquid Assayed Multiqual Niv2;;;
6607070 PTH INTACTE 200 TESTS;;;
OPTIFIT TIP 10 BULK BOX;;;
6605353 CORTISOL 200 TESTS  IMMU2000XP;;;
AEB120291 MH CLOXA;;;
STA DEFICIENT XI   00723;;;
BARREAU AIMANTE BLANC   27425;;;
KC360 CAL CK ET CKMB IFCC 3 flacons;;;
924-816 INLET GASKET WITH HOLDER ABL90;;;
Contrôles Liquid Assayed Multiqual Niv 1;;;
TETRACYCLINE 30;;;
257079 MILIEU GRANADA STREPTO B;;;
COLISTINE 50;;;
PIPERACILLINE TAZOBACTAM;;;
IMIPENEM 10;;;
ERTAPENEME 10;;;
CMV IGG  VIDAS   30204;;;
K7024 B2 MICROGLOBULINE 2X100 TESTS;;;
KC515 CTLE POS DROGUES U 6X1 FLACONS;;;
ACIDE SULFURIQUE  CARLO ERBA 2410301 ;;;
TICARCILLINE + AC CLAVU;;;
KC220A CAL LIPIDES 3X2 FLACONS;;;
SABOURAUD CHLORAM ACTID  TUBE   42094;;;
00381 STA QUALITY HNF / UFH;;;
POTASSIUM FERROCYANURE RPE 250 G;;;
Lames super frost pour SMS;;;
FER CHLORURE   PROLABO  24216.268;;;
Calibrateur LOCI 4;;;
KS806 SOLUTION NETTOYAGE REACTIFS;;;
K2041 TGO AST 4 X 400 TESTS;;;
8496812 AC ANTI HBC TOTAUX 100 PUITS;;;
DRUG 3 CAL;;;
MUELLER HINTON HYPERSALE  56136  6X100;;;
DOXYCYCLINE;;;
SOLUTION TAMPON PH 4  R1040525CT;;;
VH18145 TUBES COL A VIS FOND PLAT;;;
ANTI CARDIOLIPIDES IGG 24 TESTS;;;
HAEMOPHILUS TEST MEDIUM (HTM) P05138A;;;
00339 STA STACLOT DRVV SCREEN 2;;;
ID diacell I II III;;;
6608158 SOLUTION SUBSTRAT CHIMILUMINES;;;
6800836 CTLE AC ANTI HBC 3X2NIV;;;
K4150 LITHIUM 2X90 TESTS;;;
SAFE CONE FILTER 3.15MM;;;
PARATHORMONE STAT;;;
STA MICROCUPS (X 100);;;
FT601 pointes optifit vrac 0.5 200;;;
Liquickek Tumor Marker Control N1;;;
721 STACLOT APC-R;;;
ELUANT 2  019553 1P;;;
6607526 ANTI TPO 200 TESTS  IMMU2000XP;;;
ELUANT 3  019554 1P;;;
HEMATOXYLINE PURE RAL 313 50-6;;;
PIPETTE 10 ML GRADUEE 1/10 STERILE;;;
CLEANCELL ELECSYS;;;
00201 STA CONTROL LA 1 + 2;;;
CHLORURE DE SODIUM     234 479687;;;
CLAENCELL ELECSYS;;;
ANCA METHANOL  LAME 6 PUITS;;;
boite serothèque alcoolémies;;;
Liquickek Tumor Marker Control N2;;;
T30525C CLOS CHECK DIFFICILE COMPLETE;;;
STA STACLOT APC-R;;;
6C2927 HÃ©patite A ac totaux;;;
6605051 AFP 200 TESTS IMMU2000XPI;;;
1000035681 BIOPACK C KIT;;;
KS866 ETIQUETTE CB CDT X 4;;;
S1000037842 AIGUILLE ALIQUOTER;;;
250-3 IMMUNOSUPPRESSEUR MORE NV 3;;;
250-2 IMMUNOSUPPRESSEUR MORE NV 2;;;
250-1 IMMUNOSUPPRESSEUR MORE NV 1;;;
B5150-1 DADE TRULIQUID MONITROL NV 1;;;
B5150-2 DADE TRULIQUID MONITROL NV 2;;;
Dade Cardiac Contrôle TL 2;;;
Dade Cardiac Contrôle TL 1;;;
B5900-2 DADE IMMUNO NV 2  6 FLACONS;;;
6557243 CONTROLE MARQUEURS CARDIAQUES;;;
6559092 CONTROLE HORMONOLOGIE;;;
KC260 CAL PROTEINES TOTALES URINES;;;
B5230 TRU LIQUID URINE CTLE 2 NVX;;;
KS865 KIT CAL CTLE VIDES  357 FLACONS;;;
K5096 UBARB 2X60 TESTS;;;
K4089 CICLOSPORINE 2X20 TESTS;;;
KC780 CAL PROTEINES 2  6 FLACONS;;;
K7026 C3 COMPLEMENT 2X200 TESTS;;;
7C209 TRICYCLIQUES 240 TESTS;;;
K7020 APO B 2X100 TESTS;;;
SAFE CONE FILTER 6.73MM;;;
Controle TDA;;;
VITAMINE D TOTALE;;;
S1000039033 AIGUILLE IMT;;;
HÃ©moglobine humaine dans les selles;;;
FRV250 FLACON VERRE 250 ML;;;
BLEU DE TOLUIDINE REF CARLOERBA 429282;;;
6607429 ANTI TG 200 TESTS  IMMU2000XPI;;;
STA OWREN KOLLER   00360;;;
Culture colony test;;;
STA LIQUID ANTI XA 4;;;
4804 HYDRAGEL 4 IF MS VIOLET ACIDE;;;
8091399 TOXO G 100 PUITS;;;
ALAT IFCC (ALTI);;;
STA THROMBIN 10   00669;;;
DISQUES ANTIBIOTIQUES CEFTOBIPROLE 5ÂµG;;;
CD tube pompe MD (moyen);;;
KC460A  CAL LOCI DIGOXINE;;;
PIPETTE 10 ML;;;
RIVASCOP;;;
6604470 BOUCHONS TUBES MICROVOLUME;;;
LR90SF02 LAMES pr colorateur automatiq;;;
GAZ SEC BLOW JET;;;
EMBOUTS ET JOINTS (X6);;;
controle peptides natriurétiques;;;
Inlet gasket with holder;;;
ID-DILUENT 2   009260;;;
AEB611326 DNP + THIOSULFATE TAMPON;;;
CHOCOLAT POLYVITEX    42079;;;
ANTI-EBV(ZEBRA) IgM;;;
066508002 TAMPON PBS   40X;;;
NOUVELLE REF 21342  GP VITEK VT K2;;;
SCHAEDLER NEO VANCO  (10BOITES)  43223;;;
CAL ENZ 2 ALT ALTI AST;;;
GELOSE NUTRITIVE25T;;;
STAPHYTECT PLUS;;;
SOLUTION SUSPENSION   V1204;;;
TAMPON PBS 1 LITRE;;;
29527 UF II PACK SED 2X2100 ML;;;
29528 UF II PACK BAC 2X2100 ML;;;
FB   70562;;;
DNP + THIOSULFATE TAMPON;;;
GRAM REAGENT C SS-041-EU;;;
MALT(GEL A L'EXTRAIT) AEB 121709;;;
00118 CONTROLE VIROCLEAR TORCH;;;
00109 CONTROLE VIROTROL TORCH;;;
VHCAP 1640 CAPSULES ALU + JOINT BUTYLE;;;
EMBOUTS ELECSYS (assay tip);;;
607107 PIPETTE PLASTIQUE 10 ML STERILE;;;
6800100 CARTOUCHE FILTRE CHARBON;;;
680 1755 MICROSENSOR CHECK;;;
GARDNERELLA 20 BOITES 43411;;;
MINICON CS15 REF9051;;;
AEB 121259 KLIGLER;;;
SANG STERILE DE MOUTON   56652;;;
EEQ RETICULOCYTES;;;
boite transport UN3373;;;
8321200 DILUANT B 100 P / 25;;;
TIGECYCLINE 15;;;
LAMES POLY L LYSINE CHAMBRE SIMPLE;;;
MEROPENEME 10;;;
ANTI BETA 2 GLYCOPROTEIN I IGM;;;
004023 CARTES ID ANTI IGG;;;
CARDIAC MARQUEURS LT BIORAD 146;;;
LIQUID ASSAYED MULTIQUAL  BIORAD 337;;;
IODINE 500 ML;;;
CRISTAL VI0LET 500 ML;;;
CUVETTE DE LECTURE   9518-06;;;
PO5172C BOITES CONTACT +AG NEUTRE PLUS;;;
STA IMMUNODEF VIII   00728;;;
FLACONS BK EXPECTO REF 259797;;;
R3:TAMPON PHOSPHATE M/15 REF 42103;;;
KIT DECONT PANTAV MP PROCESS 259760;;;
TAMPON PHOSPHATE M/15 1X450ML 55232;;;
NOW STREPTOCOQUE PNEUMONIAE;;;
CAMPYLOSEL  (20 BOITES)   43361;;;
00311 STALIQUID ANTI XA 4;;;
AZTREONAM;;;
NACL 0.85%  REF 20070;;;
SS029C AEROSPRAY SOLUTION DE NETTOYAGE;;;
SOLUTION NETTOYAGE BUSES (2.5l/2.5l);;;
41244 BASE COLOMBIA 6 X 200ML;;;
LEGIONELLA BCYE   PO5072A;;;
42031 SABOURAUD CHLORAM GENTA;;;
GELOSE RPMI REF AEB122182 140MM;;;
LEVOFOXACINE 5;;;
MOXIFOXACINE 5;;;
PIPERACILLINE 75;;;
43411 GARDNERELLA 20 BOITES;;;
ROSENOW CYSTEINE 25T  55683;;;
CHAMBRE SIMPLE RAPIDE;;;
CEFEPIME 30;;;
MINOCYCLINE 30;;;
GXCDIFFICILE-10 GX-C-DIFFICILE IVD;;;
STA DEFICIENT X   00738;;;
pROBIOQUAL lcr;;;
controle medicaments 2016;;;
controle alcoolemie 2016;;;
TECOPLANINE CONTROLE .;;;
6800834 CTRL AC ANTI HBC IGM;;;
Connexion joint;;;
CHLORAMPHENICOL 30;;;
CEFPODOXIME 10;;;
CEFALOTINE 30;;;
controle immunodosage 2016;;;
SOLUTION DECONTAMINATION;;;
EEQ- Hémoglobine glyquée 2016;;;
944-021 SOL CALIBRATION THB;;;
EEQ Clairance de la creatinine et DFG 2016;;;
EEQ Biochimie serique (CQH) 2016;;;
ABSORBEUR CO2 POUR SUBSTRAT;;;
VANCOMYCINE 30;;;
2003 CAPILLARYS PROTEINE 6;;;
ID Diaclon Anti-D;;;
NUCLEAR FAST RED;;;
CONTROLE TOXICOLOGIE URINAIRE EEQ;;;
CONJUGUE FLUORES REF 30446;;;
4832 HYDRAGEL 4 URINE PROFIL  MS;;;
OSTEOCALCINE;;;
DILUANT UNIVERSEL  2 X 18 ML;;;
8577413 AC ANTI HBC IGM 52 PUITS;;;
1100387 ETALON AC ANTI HBC IGM;;;
1421932 ETALON AG HBS;;;
 NOVA LITE HEP2 ANA KIT;;;
DOT FOIE 7(AD-LIVER7D);;;
LAMELLE COUVRE OBJET   LCO2222;;;
Papier imprimante (tous Dimension);;;
LINCOMYCINE 15;;;
bleu de methylene poudre;;;
controle héparines;;;
BLEU DE CRESYL BRILLANT;;;
8H4902 SERINGUE HEMOGLOBINE 5 ML;;;
CONTROLE HEMOGRAMME EEQ;;;
71010 ANTI D TOTEM 5X10ML;;;
86956 TEMOIN ANTI D RH CTLE M 10ML;;;
ANTI D TOTEM;;;
1831312 PACK MAINTENANCE 2X1CART;;;
SERUM ANTI LKM (CA 1320);;;
SERUM ANTI JO-1  (CA 1661);;;
1000015252 BOOT DRYER CUVETTE;;;
pressure integrity assay;;;
controle immuno dosage 2016;;;
6604985  ACTH  200 TESTS IMMU2000 XPI;;;
6606279 HOMOCYSTEINE 200 TESTS;;;
controle biochimie sérique 2016;;;
AC FUSIDIQUE 10;;;
controle marqueurs cardiaques 2016;;;
controle procalcitonine 2016;;;
controle d dimeres et willebrand;;;
CEFIXIME 10;;;
NORFOXACINE 5;;;
AMIKACINE 30;;;
CEFAZOLINE OCULAIRE;;;
controle toxicologie serique 2016;;;
controle immuno dasage 2016;;;
EEQ ELECTROPHORESE IMMUNOTYPAGE PROT;;;
LATAMOXEF/ MOXALACTAM;;;
LINEZOLIDE 30;;;
CEFOXITINE 30;;;
NITROFURANTOINE 300;;;
KC310 CAL ENZYMES 1 3X2 FLACONS;;;
K7032 CRP 2X200 TESTS;;;
K6421 LOCI TROPONINE 2X60 TESTS;;;
K7034 ALBUMINE 2 X 600 TESTS;;;
K6423A LOCI NT PRO BNP 2X40 TESTS;;;
KS807 SOLUTION NETTOYAGE ECHANTILLONS;;;
KS855 CUVETTES REACTION LOCI;;;
K1270A CREAT ENZYMATIQUE 4x200 tests;;;
KS804 DILUANT SYSTEME PROTEINE;;;
K835 V-LYTE DILUANT 2CARTX2000ML;;;
K6444 LOCI TM FOLATES 4X30 TESTS;;;
K2045 GAMMA GT 2X210 TESTS;;;
K2125 BILIRUBINE DIRECTE 4X120 TESTS;;;
REACTIF FLEX ALTI;;;
K825 V-LYTE STANDARD B;;;
K820 V-LYTE STANDARD A;;;
K4060 PHENOBARBITAL 2X40 TESTS;;;
K6442A  LOCI TM VIT B12 4X30 TESTS;;;
K4086 VANCOMYCINE 2X40 TESTS;;;
ELECSYS BRAHMS PROCALCITONINE;;;
K4078 ACIDE VALPROIQUE 2X40 TESTS;;;
K1021 UREE 4X420 TESTS;;;
K6416 LOCI FT3 2X60 TESTS;;;
K3026 PROTEINES URINAIRES 2X90 TESTS;;;
KS850 CUVETTES   20 CARTOUCHES;;;
946-008 CASSETTES 600 TESTS / 30 J;;;
K7064 PREALBUMINE 2X100 TESTS;;;
K3057 MAGNESIUM 4X90 TESTS;;;
944-157 PACK SOLUTION 680 activitÃ©s;;;
K1077 ACIDE URIQUE 2X280 TESTS;;;
K4012 GENTAMYCINE 2X20 TESTS;;;
1000030181 PACK PUTIFICATION Q GARD 2;;;
K1167 BILIRUBINE TOTALE 4X160 TESTS;;;
K6430 LOCI BHCG 2X80 TESTS;;;
K3085 FER 2X120 TESTS;;;
PROCELL ELECSYS;;;
KS999 FLEX VIDE;;;
CLAENCELL ELECSYS;;;
KS806 SOLUTION NETTOYAGE REACTIFS;;;
K3056 LIPASE 4X120 TESTS;;;
K1023 CALCIUM 4X330 TESTS;;;
K6440 LOCI TM FERRITINE 4X80 TESTS;;;
944-157 PACK SOLUTION;;;
calibrateur chem 3 cal;;;
KC510 CAL DROGUES URINAIRES;;;
K800A V-LYTE CARTOUCHE NA K CL;;;
K5088 PARACETAMOL 2X40 TESTS;;;
ELUANT 1   019552 1P;;;
KC775 CTLE PROTEINES 3   4 FLACONS;;;
K6410 LOCI FT4  2X100 TESTS;;;
K5022 ETHANOL 2X100 TESTS;;;
KC660 CAL LOCI 1    2X6 FLACONS;;;
KC770 CAL PROTEINES 3   4 FLACONS;;;
K2038 CREATINE KINASE IFCC 2X400 TESTS;;;
K3048A CHOL HDL 4X120 TESTS;;;
K6427 TNIH;;;
KC120 CAL CHIMIE 2 3X2 FLACONS;;;
KS840 PLAQUETTE ALIQUOTAGE;;;
K3019 AMMONIUM 2 X 20 TESTS;;;
Elecsys Vitamine D totale II;;;
K7042 HAPTOGLOBINE 2X100 TESTS;;;
K2041 TGO AST 4 X 400 TESTS;;;
VITAMINE D TOTALE;;;
K2069 TRIGLYCERIDES 2X300 TESTS;;;
K1027 CHOLESTEROL 2X300 TESTS;;;
LIQUID ASSAYED MULTIQUAL  BIORAD 337;;;
LIQUID ASSAYED MULTIQUAL  BIORAD 338;;;
K1061 PHOSPHORE 4X300 TESTS;;;
K4087 CARBAMAZEPINE 2X40 TESTS;;;
TPSA;;;
CAL LOCI 4        2X5 FLACONS;;;
K5092 COCAINE UCOC 2X60 TESTS;;;
KC420 CAL MEDICAMENTS 2  3X2 FLACONS;;;
K2054 LDH IFCC 2X400 TESTS;;;
K6435 DIGOXINE 200 TESTS;;;
K7072 TRANSFERRINE 2X200 TESTS;;;
K7024 B2 MICROGLOBULINE 2X100 TESTS;;;
KC110 CAL CHIMIE 1   3xX2 FLACONS;;;
Elecsys Parathormone 1-84;;;
K5096 UBARB 2X60 TESTS;;;
K5097 BENZODIAZEPINES URINES;;;
reactif flex AMM;;;
K5090 METHADONE UMETH 2X60 TESTS;;;
K5093 OPIACES UOPI 2X60 TESTS;;;
K3017 AMYLASE 2 X 180 TESTS;;;
KC220A CAL LIPIDES 3X2 FLACONS;;;
K5091 UAMPH 2X60 TESTS;;;
K2115 ALPI 4X400 TESTS;;;
K6412 LOCI TSH 4X240 TESTS;;;
K5095 CANNABIS UTCH 2X60 TESTS;;;
KC130 CAL CHIMIE 3 3X2 FLACONS;;;
KC716 CTLE PROTEINES NV MOYEN;;;
KS805 SOLUTION LAVAGE CUVETTES;;;
K1073 PROTEINES TOTALES 4X390 TESTS;;;
4815 ANTISERUM FIX G-A-M-K-L  MS;;;
PRECICONTROL UNIVERSEL;;;
K1137 DIOXIDE CARBONE 4X840 TESTS;;;
KC4150 LITHIUM 2X90 TESTS;;;
K3131 CHOL LDL 2X90 TESTS;;;
PRECICONTROL VARIA;;;
4804 HYDRAGEL 4 IF MS VIOLET ACIDE;;;
SOL REF CLINITROL 1 NIV (290) 10 X 2ML;;;
KC410 CAL MEDICAMENTS 1  3X2 FLACONS;;;
KC515 CTLE POS DROGUES U 6X1 FLACONS;;;
ETHANOL AMMONIEMIE BIORAD 545;;;
EMBOUTS ELECSYS;;;
KC 720 CALIBRATEUR APO  4 FLACONS;;;
Vitamine B12;;;
ETHANOL AMMONIEMIE BIORAD 546;;;
KC240 CAL FER        3 FLACONS;;;
KC676A CAL NT PROBNP 2X5 FLACONS;;;
ELUANT 3  019554 1P;;;
KC516 CTLE NEG DROGUES U  6X1 FLACONS;;;
KC632 CAL LOCI BHCG  2X6 FLACONS;;;
LIQUICHEK TUMOR MARKER CTL N 1;;;
LIQUICHEK IMMUNOASSAY BIORAD 362;;;
K1033 CREATININE 4X510 TESTS;;;
LIQUICHEK IMMUNOASSAY BIORAD 361;;;
DSC4 GODETS ECHANTILLONS 1.5ML;;;
LIQUICHEK TUMOR MARKER CTL N 3;;;
LIQUICHEK TUMOR MARKER CTL N 2;;;
4785 SERUM DE CONTROLE;;;
KD692 DILUANT ECHANTILLON TROPONINE;;;
KC725 CTLE APO;;;
LOCI Antigene carcino embryon (ACE);;;
PRECICONTROL VITAMINE D TOTALE II;;;
KC310 CAL ENZYMES 1 3X2 FLACONS;;;
KC460 A  CAL LOCI DIGOXINE;;;
KC270 CAL CREAT ENZYMATIQUE;;;
Elecsys Vitamine D totale;;;
K7056 IGG IMMUNOGLOBULINE;;;
KC710 CAL PROTEINES 1   6 FLACONS;;;
SYSWASH;;;
6X019 EMIT AMIKACINE   192 TESTS;;;
K5020 SALICYLES 2X40 TESTS$;;;
K4064 PHENYTOINE 2X60 TESTS;;;
PARATHORMONE STAT;;;
KC140 CAL CHIMIE 4    3 FLACONS;;;
K7052 IGA IMMUNOGLOBULINE;;;
S1000037842 AIGUILLE ALIQUOTER;;;
KC785 CTLE PROTEINES 2 NV BAS;;;
ELUANT 2  019553 1P;;;
S1000042641 REAGENT PROBE;;;
protein 1 control low;;;
KC360 CAL CK ET CKMB IFCC 3 flacons;;;
precicontrol thyro AB;;;
CARDIAC MARQUEURS LT BIORAD 147;;;
K7058 IGM IMMUNOGLOBULINE;;;
KC787 CTLE PROTEINES 2 NV HT 3 FLACONS;;;
K7062 MICROALBUMINE 2X200 TESTS;;;
KC678 CAL TROPONINE 1  2X6 FLACONS;;;
Elecsys cortisol;;;
KC350 CAL ENZYME 5 LDH IFCC 3 flacons;;;
CALSET ANTI TPO;;;
K1039 GLUCOSE 4X1200 TESTS;;;
LOCI CA 19-9;;;
924-816 INLET GASKET WITH HOLDER ABL90;;;
LOCI alphafoetoprotÃ©ine (AFP);;;
precicontrol multi marqueurs;;;
2003 CAPILLARYS PROTEINE 6;;;
HYDRAGEL 4 IF MD;;;
Elecsys insuline;;;
LOCI CA 125 II;;;
KS998 FLEX ABS NOUVELLE REF KS996;;;
KC210 CAL BILIRUBINE;;;
CRTLE QUAL 3 NIV 3MA028 (240,280,320);;;
ETHANOL STANDARD 2G/L 10 AMP ME 20200;;;
Elecsys anti TPO generation 3;;;
S1000039033 AIGUILLE IMT;;;
TUYAUX POUR PINCH VALVE;;;
ETHANOL STANDARD 1.5G/L  ME 20150;;;
ME 20050 ETHANOL STANDARD 0.50 G/L;;;
CALIBRATEUR PSA;;;
K1270A CREAT ENZYMATIQUE 4x200 tests$;;;
4541 SOLUTION LAVAGE HYDRASYS;;;
KC260 CAL PROTEINES TOTALES URINES;;;
Elecsys C peptide;;;
4835 ANTISERUMS FIX-GAM-K-L    MS;;;
LIQUICHEK SPINAL FLUID BIORAD 752;;;
CAL ENZ 2 ALT ALTI AST;;;
G8 ELUTION BUFFER 1;;;
4832 HYDRAGEL 4 URINE PROFIL  MS;;;
2043 TAMPON PROTEINE 6   1 X 700ML;;;
CUVETTES ELECSYS;;;
K7018 APO A1 2X100 TESTS;;;
6608123 SOLUTION LAVAGE 400 ML;;;
984-070 PAPIER THERMIQUE;;;
4836 ANTISERUMS KI-LI      MS;;;
6612260 CTLE C PEPTIDE 3X2 ML;;;
K2043 TGP ALT 4X160 TESTS;;;
1000029492 PACK PRETRAIT PROGARD 2;;;
ACIDES BILIAIRES TOTAUX SANG REACTIF;;;
ELECSYS PROCALCITONINE;;;
1000028097 TUYAU DE POMPE IMT;;;
906-026 FILTRE A CAILLOT POUR ABL90;;;
1000012081 VACUUM CUP 10.1DX10.6H;;;
Elecsys prolactine II;;;
Elecsys ACTH;;;
K1270 CREAT ENZYMATIQUE 300 tests;;;
QMS lamotrigin control set;;;
KS865 KIT CAL CTLE VIDES  357 FLACONS;;;
B5960-1 DADE CARDIAC NV1   6 FLACONS$;;;
HYDRAGEL 4 URINE PROFIL MD;;;
K7020 APO B 2X100 TESTS;;;
KC717 CTLE PROTEINES NV HT 4 FLACONS;;;
K2015 ALP 4X400 TESTS;;;
6604306 REACTION TUBES 1000 TESTS;;;
G8 ELUTION BUFFER 2;;;
G8 ELUTION BUFFER 3;;;
K7026 C3 COMPLEMENT 2X200 TESTS;;;
LIQUICHEK URINE BIORAD 397;;;
SOL LAVAGE HEMO  018431L;;;
K7028 C4 COMPLEMENT 2X200 TESTS;;;
Elecsys anti TG generation 4;;;
LIQUICHEK URINE BIORAD 398;;;
KC331 CAL ALPI  3 FLACONS;;;
DILUANT TSH LOCI;;;
CALSET PTH;;;
944-157 PACK SOLUTION 680 activités;;;
K840 V-LYTE CHECK DILUTION 6 AMPOULES;;;
Calibrateur LOCI CA 125;;;
018767 GAMME ETALON;;;
K7016 ALPHA 2 MACROGLOBULINE;;;
CONTROLES 019405;;;
Calibrateur LOCI 4;;;
LIQ IMMUNOLOGY LEVEL 1 BIORAD;;;
LOCI alphafoetoprotéine (AFP);;;
Elecsys Osteocalcine;;;
ETHANOL STANDARD  3G/L   ME 20300;;;
Calibrateur LOCI CA 15-3 et CA 19-9;;;
6608158 SOLUTION SUBSTRAT CHIMILUMINES;;;
6607046 COFFRET DECOMTAMINATION;;;
S1000039029 SAMPLE PROBE;;;
QMS lamotrigin;;;
ETHANOL STANDARD 0.3G/L  ME 20030;;;
KC627 TNIH CAL;;;
KC780 CAL PROTEINES 2  6 FLACONS;;;
LIQUICHEK SPINAL FLUID BIORAD 751;;;
QMS teicoplanin control set;;;
BUCKET INSERT SILICONE BASE PLATE;;;
COFFRET AS: G A M K L (MD);;;
ME 20100 ETHANOL STANDARD 1G/L;;;
CALSET VITAMINE D;;;
6605353 CORTISOL 200 TESTS  IMMU2000XP;;;
1000036430 FILTRE WASTE ASSY INLINE;;;
ETHANOL STANDARD 0.8G/L   ME 20080;;;
6606384 INSULINE 200 TESTS  IMMU2000XP;;;
KC640 CAL LOCI 4        2X5 FLACONS;;;
18581L  GODETS;;;
944-021 SOL CALIBRATION THB;;;
Liquid Assayed Multiqual Niv2;;;
CEDIA buprenorphine 0ng/ml cal;;;
DILUANT UNIVERSEL  2 X 18 ML;;;
CEDIA buprenorphine 20ng/mL cal;;;
CEDIA buprenorphine 50ng/mL cal;;;
CEDIA buprenorphine 75ng/mL cal;;;
ETHANOL/AMMONIEMIE CONTROLE NIV2;;;
elecsys anti TPO generation 3;;;
CEDIA buprenorphine 5ng/mL cal;;;
6600653 CTLE MULTI AA THYROIDIENS;;;
019563 PAPIER THERMIQUE (10 R);;;
CARDIAC MARQUEURS LT BIORAD 146;;;
Elecsys IGE II;;;
Contrôles Liquid Assayed Multiqual Niv 1;;;
CEDIA cal multidrogues Haut;;;
CEDIA cal multidrogues seuil primaire;;;
834-662 CONNEXION JOINT ABL 90 FLEX;;;
CARDIAC MARQUEURS LT BIORAD 1C;;;
PREFILTRE  019506;;;
elecsys insuline;;;
CALCET OSTEOCALCINE;;;
FLACONS ALIQUOTAGE CALSET;;;
790035901 DILUANT ENZYME;;;
CARDIAC MARQUEURS LT BIORAD 27105;;;
4540 SOLUTION DECOLORANTE;;;
4838 ANTISERUM ALB / 02 MACRO-TUB;;;
elecsys cortisol;;;
CAPILLAIRE ET PISTON POUR CP 250;;;
K4071 THEOPHYLLINE 2X40 TESTS$;;;
CASSETTE GDS 300 TESTS/30J;;;
CALSET ANTI TG;;;
CONTROLE HYPERGAMMA   5 X 1 ML;;;
CALSET C PEPTIDE;;;
calset acth;;;
CORTISOL G2 Elecsys cobas réactif;;;
CALSET PROLACTINE;;;
6615723 CONTROLE CANCEROLOGIE;;;
2058 CAPICLEAN;;;
PLASTIC ROUTINE RACK SILICONE BASE;;;
OSTEOCALCINE;;;
B5150-2 DADE TRULIQUID MONITROL NV 2;;;
ETHANOL/AMMONIEMIE CONTROLE NIV3;;;
04992596  CREAT ENZYM 2;;;
DILUENT UNIVERSEL 2;;;
QMS teicoplanin;;;
KS 343 flexs ACLN;;;
solution de lavage (washing);;;
KIT TESTS MICRO ECHANTILLONS 500 TESTS;;;
CLEANCELL ELECSYS;;;
K4132 LITHIUM 2X60 TESTS;;;
CALSET CORTISOL;;;
elecsys C peptide;;;
TSFOIL TUBE SEALER FOIL CARTRIDGES;;;
CALSET INSULINE;;;
QMS teicoplanin calibrator set;;;
S1000039276 WASH PROBE ASSY;;;
CEDIA cal multidrogues intermÃ©diaire;;;
CEDIA buprenorphine control set;;;
KS998 FLEX ABS;;;
CALSET IGE;;;
7C209 TRICYCLIQUES 240 TESTS;;;
CALSET VITAMINE D TOTALE II;;;
6600688 CTLE ACTH 2X2 ML;;;
6606953 C PEPTIDE 200 TESTS  IMMU2000X;;;
S1000037385 NUT PROBE TRANSDUCER;;;
6605051 AFP 200 TESTS IMMU2000XPI;;;
papier thermique imprimante;;;
K5020 SALICYLES 2X40 TESTS;;;
CEDIA calibrateur multidrogues NÃ©gatif;;;
6604195 TUBES MICROVOLUME;;;
6605256 ACE 200 TESTS  IMMU2000XPI;;;
COFFRET AS : KI-LI (MD);;;
elecsys prolactine II;;;
1072693 REACTIF SIGNAL;;;
KC330 CAL PAL  3 FLACONS;;;
6604284 CONTROLE PTH 12 ML;;;
K6442 LOCI TM VIT B12 4X30 TESTS;;;
2052 SOLUTION LAVAGE CAPPILARYS;;;
1787753 AC ANTI HBS 100 PUITS;;;
washing solution 4.5%;;;
elecsys anti TG generation 4;;;
Liquichek Immunoassay Plus Niv1;;;
7C219 EMIT TOX TCA CAL  3X3 ML;;;
6606090 GI-MA 200 TESTS  IMMU2000XPI;;;
COFFRET AS : FIX-GAM-K-L (MD);;;
elecsys ACTH;;;
KC240 CAL FER        3 FLACONS$;;;
COFFRET AS: URINE PROFIL (MD);;;
QMS lamotrigin calibrator set;;;
KIT MICRO ECHAN 500 TESTS+PLUNGER WIRE;;;
CARDIAC MARQUEURS LT BIORAD 1 B 27105 ;;;
CONTROLE   IT/IF  1 ML;;;
test;;;
6607526 ANTI TPO 200 TESTS  IMMU2000XP;;;
4616 PENTAVALENT COLORE  MS;;;
6801715 VERSATIPS POINTES PIPETTES;;;
REF 30443 VIDAS HIV DUO ULTRA;;;
6607429 ANTI TG 200 TESTS  IMMU2000XPI;;;
MOBILE PAD;;;
CAPI PROTECT;;;
Tubing maintenance sol;;;
ACIDES BILIAIRES TOTAUX CONTROLE N;;;
ACIDES BILIAIRE TOTAUX POSITIFS;;;
Liquickek Tumor Marker Control N3;;;
Liquichek Immunoassay Plus Niv2;;;
CORTISOL G2 Elecsys cobas rÃ©actif;;;
1318450 HVC 100 PUITS;;;
6606783 OM-MA 200 TESTS  IMMU2000XPI;;;
Cardiac Marqueurs LT PLUS 2;;;
CEDIA methadone metabolite (EDDP);;;
8496812 AC ANTI HBC TOTAUX 100 PUITS;;;
6604985  ACTH  200 TESTS IMMU2000 XPI;;;
Liquickek Tumor Marker Control N1;;;
LAMPE VISTA;;;
Liquickek Tumor Marker Control N2;;;
TOXO IGG II  VIDAS   30210;;;
CEDIA buprenorphine;;;
HB A1C CONTROL;;;
6802131 AG HBS 100 PUITS;;;
KC320 CAL ENZYMES 2       3X2 FLACONS;;;
FILTRE VENTILATION;;;
G8 FILTER ELEMENT;;;
CEDIA cal multidrogues intermédiaire;;;
Cardiac Marqueurs LT PLUS 1;;;
TOXO IGM  VIDAS   30202;;;
Liquichek Homocysteine Control N 1 et 2;;;
6655482 MULTI DILUANT 1   25 ML;;;
6653722 MULTI DILUANT 2  10 ML;;;
SYSCLEAN;;;
KC460 CAL LOCI DIGOXINE;;;
924-455 AIGUILLE ABL 90;;;
CORTISOL G2 CS elecsys calibrateur;;;
LIQ IMMUNOLOGY LEVEL 3 BIORAD;;;
SKIT FILTER VENTILATION;;;
6607968 PSA 3 G  200 TESTS  IMMU2000XP;;;
6606279 HOMOCYSTEINE 200 TESTS;;;
ALAT IFCC (ALTI);;;
B5230 TRU LIQUID URINE CTLE 2 NVX;;;
PLUNGER WIRE;;;
CEDIA calibrateur multidrogues Négatif;;;
6655512 DILUANT OM-MA  25 ML;;;
HEPATITE A VIDAS   30312;;;
6655474 DILUANT INSULINE 25 ML;;;
6655520 DILUANT C PEPTIDE 25 ML;;;
CUVETTE DE LECTURE   9518-06;;;
MGC clinical DAU control set;;;
TECOPLANINE DOSAGE .;;;
B5900-2 DADE IMMUNO NV 2  6 FLACONS;;;
1000015252 BOOT DRYER CUVETTE;;;
elecsys IGE II;;;
6607070 PTH INTACTE 200 TESTS;;;
B5900-1 DADE IMMUNO NV 1  6 FLACONS;;;
8091399 TOXO G 100 PUITS;;;
HEPATITE A IGM   30307;;;
1000024946 LINER VESSEL CHMBR;;;
B5150-1 DADE TRULIQUID MONITROL NV 1;;;
tencell;;;
4614 ANTI IGE MS FLACON DE 1 ML;;;
ACIDES BILIAIRES TOTAUX 21 FS;;;
TUBULURE;;;
FT5000 CONE PROLINE TIP BIOHIT;;;
KS866 ETIQUETTE CB CDT X 4;;;
AIMANT AGITATION 912-065;;;
6604470 BOUCHONS TUBES MICROVOLUME;;;
4613 ANTI IGD   MS  FLACON DE 1 ML;;;
6559092 CONTROLE HORMONOLOGIE;;;
AIGUILLE  019500;;;
6800731 CTLE HVC 3X2NIV;;;
FLACONS A SERTIR avec insert;;;
BRUSH DRAIN CLEANOUT VISTA;;;
Diluant échantillon TSH LOCI;;;
TECOPLANINE CONTROLE .;;;
GODETS ECHANTILLON   9518-05;;;
Ro Clean A;;;
GODET ECHANTILLON;;;
BANDELETTE PH 0-14;;;
EMBOUTS ELECSYS (assay tip);;;
MICRO SERINGUE  10 µL;;;
CMV IGM VIDAS   30205;;;
DRUG 3 CAL;;;
6557243 CONTROLE MARQUEURS CARDIAQUES;;;
6800598 CTLE AG HBS 3X2 NIV;;;
Liquichek Spinal Fluid Niv 2;;;
ACIDES BILIAIRES TRU CAL TBA;;;
Dade Cardiac Contrôle TL 2;;;
Dade Cardiac Contrôle TL 1;;;
250-3 IMMUNOSUPPRESSEUR MORE NV 3;;;
250-2 IMMUNOSUPPRESSEUR MORE NV 2;;;
250-1 IMMUNOSUPPRESSEUR MORE NV 1;;;
Papier imprimante (tous Dimension);;;
ABSORBEUR CO2 POUR SUBSTRAT;;;
PRESSURE INTEGRITY ASSAY;;;
CQ LEVETIRACETAM;;;
decapper rubber o ring;;;
FLACONS A SERTIR 1.5 ML REF 88535;;;
S1000037385 PROBE ULTRASONIC X3;;;
CUVETTES ELECSYS (assay cup);;;
Ro Clean B;;;
TEICOPLANINE CAL CL;;;
Liquichek Immunoassay Plus Niv3 ;;;
PIPET CHECK  9531-02;;;
Aiguille;;;
TSK GEL G8;;;
SOL ETALON 2000 MOSM 3LA201;;;
K4089 CICLOSPORINE 2X20 TESTS;;;
KS875 SAC POUBELLE FLEX   PAR 20 SACS;;;
ETIQUETTES CODES BARRES APPLI;;;
KC460A  CAL LOCI DIGOXINE;;;
980-03349 FOCUS LINER SPLITLESS;;;
bobine reboucheur (film alu);;;
4587 FLUIDIL  FLACON DE 5 ML;;;
turning disk;;;
CD 4000 DILUANT LEUC   1H7301;;;
1000046927 CHLORINE SANITIZATION;;;
JOINT D'INTRODUCTION ABL FLEX PLUS;;;
AIA SAMPLE CUPS HITACHI *500;;;
CAPILLAIRE SOUPLE HEP 85 µL;;;
SOL CAL 50 MOSM   10X2ML;;;
KC510 CAL DROGUES URINAIRES$;;;
HB A1C CALIBRATOR SET;;;
HYDRAGEL 12 IF PENTA MD;;;
CHEK STIX COMBO PAK;;;
K4036 DIGITOXINE 2X20 TESTS$;;;
LAMPE FPIA REF 9520-12;;;
ACIDE CHLORHYDRIQUE 5N;;;
6800389 CTLE AC ANTI HBS 3X3NIV;;;
Inlet gasket with holder;;;
Na OH 0.5 N TITRINORM;;;
Connexion joint;;;
4193 PAPIER FILTRE FIN 6 X 10;;;
servo motor module;;;
TOSOH FILTRE D ASPIRATION;;;
COLONNE TSK GEL 019680;;;
1000035417- A   PROBE HOUSING;;;
DILUANT DTT (IF/IF);;;
1000030181 PACK PURIFICATION Q GARD 2;;;
VIDAS  QCV   30 706;;;
pressure integrity assay;;;
tube sply assy wtr;;;
tube sply assy wtr reagent probe;;;
COFFRET AS : FIX-PENTA (MD);;;
2100 CAPILLARYS IT  60 TESTS;;;
MICRO SERINGUE  10 ÂµL;;;
6008174 TUBES POUR DILUANTS;;;
Liquichek Urine Chemistry Niv 1;;;
Liquichek Urine Chemistry Niv2;;;
Calibrateur ENZ 2 (ALT, ALTI, AST);;;
LEVETIRACETAM;;;
KS870 SAC POUBELLE CUVETTE;;;
Flex de contrôle système;;;
STEPPER MOTOR MODULE;;;
KC430 CAL MED 3 CSA;;;
tube sply assy wtr imt;;;
SOLUTION TAMPON  REF 9519 02;;;
tube sply assy diluent;;;
ETIQUETTES CODES BARRES GEL;;;
IGE  VIDAS   30419;;;
tubulure;;;
PRIORITY RACK SILICONE BASE PLATE 6MM;;;
FILTER AIR 35µ;;;
CHARBONS STREAMLAB;;;
CD 4000 REACT HEMOGL   1H7901;;;
4199 APPLICATEURS 15 HYDRAGEL X10;;;
K4150 LITHIUM 2X90 TESTS;;;
VITAMINE B12 200 TESTS;;;
lampe circuit interne;;;
ELECSYS ANTI TSHR E100 V2;;;
Filtre à caillots;;;
Liquichek Spinal Fluid Niv 1;;;
ETIQUETTES LOW VOLUME;;;
FILTRE WTCM;;;
PROLACTINE  VIDAS 30410;;;
CAPSULES ALU+ JOINTS TFE REF 94867;;;
KIT FLACONS 4 ML A VISSER EN VERRE;;;
ELECSYS ANTI-SARS-COV-2;;;
ADAPTATEUR MAINTENANCE ELECSYS;;;
CAPILLAIRE HEPAR 100 µL;;;
kit lamp UV assy;;;
PAPIER IMPRIMANTE THERMIQUE TDX FLX;;;
turning disque;;;
6802133  AG HBS CONFIRLATION;;;
S1000039281 PROBE DRYER ASSY LEFT;;;
OFLOXACINE 5;;;
SOL CAL 850 MOSM    10X2ML;;;
1000035681 BIOPACK C KIT;;;
PLUNGER WIRE paire d'agitateur;;;
FLACONS ALIQUOTAGE CONTROLES;;;
CAPSULES ALU avec joint silicone;;;
VALVE SOLENOID ASSY NC24V;;;
RUBEOLE IGG II VIDAS   30221;;;
6608166 BOUCHONS TUBES DILUANTS;;;
8389793 SOLUTION LAVAGE UNIVERSELLE;;;
6800836 CTLE AC ANTI HBC 3X2NIV;;;
CALSET OSTEOCALCINE;;;
VIDAS TOXO IGG AVIDITY   30222;;;
DAKO A008002 AC ANTI FIBRINOGENE 2 ML;;;
Pack solution XL 980 activitÃ©s;;;
KS880 SAC POUBELLE FLEX   PAR 20 SACS;;;
B5118 CTLE ALCOOL AMMONIUM 2X3 FLACONS;;;
PREMIUM LOW BLEED PLASMA COATED SEPTA;;;
6800834 AC ANTI HBC IGM;;;
Osmolality Linearity Set;;;
BAC DECHETS SOLIDES;;;
S1000014984 PROBE ULTRASONIC X3;;;
ID diacell I II III    5ml;;;
S1000039279 PROBE DRYER ASSY RIGHT;;;
ID-DIACELL I II III   004310;;;
FOCUS LINER SPLITLESS;;;
4198 APPLICATEURS 18 HYDRAGEL X10;;;
1000035684 ROC LEAN B;;;
6800834 CTRL AC ANTI HBC IGM;;;
IGNITOR FILAMENT ASSY.FID;;;
SERVO MOTOR MODULE;;;
WASHING SOLUTION 4.5%;;;
1256494 ETALON AC ANTI HBC TOTAUX;;;
201-35584 SEPTUM ORDINAIRE POUR;;;
00118 CONTROLE VIROCLEAR TORCH;;;
1831312 PACK MAINTENANCE 2X1CART;;;
680 1755 MICROSENSOR CHECK;;;
MUELLER HINTON + SANG   43321;;;
BOUILLON COEUR CERVELLE  20 TUBES;;;
CHOCOLAT POLYVITEX    42079;;;
6802889 POUBELLES PUITS ET EMBOUTS;;;
CQ 5 NIVEAUX OSMOLALITY LINEARITY SET;;;
CALSET ANTI TSHR ELECSYS V2;;;
COLONNE J ET W  DB-1 30M 0.53MM 5.00UM;;;
1000035683 ROCLEAN A;;;
LIQUICHEK IMMUNOASSAY PLUS NIV 3;;;
PROPANOL 1 NORMAPUR PA;;;
diluant multi assay;;;
BLOC DE VANNE   9520 15;;;
Joint torique;;;
00109 CONTROLE VIROTROL TORCH;;;
43451 MRSA ID GELOSE 20 BOITES;;;
ETALON TOXO G 2X1NIV;;;
STA DEFICIENT V   00744;;;
CMV IGG  VIDAS   30204;;;
004015-0007 THROMBO-TIC PURE PLUS;;;
FLACONS A VIS de 4 ml;;;
TUBE HEMOLYSE VERRE   TH1175;;;
8577413 AC ANTI HBC IGM 52 PUITS;;;
6800100 CARTOUCHE FILTRE CHARBON;;;
STA DEFICIENT VII   00743;;;
STA CK PREST 5   00597;;;
43565 CETREMIDE GELOSE 20 BOITES;;;
ID DIACELL I II III 3 X 5 ML;;;
CAL LEVETIRACETAM;;;
CD 4000 REACT RETICU   1H7601;;;
R3:TAMPON PHOSPHATE M/15 REF 42103;;;
FLACONS ALIQUOTAGE CALSET (calset vials);;;
Gripper Rubber Pad;;;
1524693 ETALON AG ANTI HBS;;;
B852-000FR LEGIONELLA  NOW  22 TESTS;;;
XPERT SARS COV 2;;;
MGI Nucleic Acid Extraction kit OP0232;;;
XPERT XPRESS FLU/RSV;;;
XPERT CT / NG CE-10;;;
XPERT CT / NG;;;
GXCDIFFICILE-10 GX-C-DIFFICILE IVD;;;
XPERT FLU/RSV XC;;;
SARS COV2 ELITE MGB KIT;;;
GXMRSA/SA-BC-CE-10 XPERT MRSA/SA BC;;;
Xpert carba;;;
GXVANA/B-CE-10  XPERT VAN A IVD;;;
XPERT XPRESS SARS-COV2/FLU/RSV;;;
XPERT C DIFFICILE BT;;;
CAP SONICATION TUBE INGENIUS;;;
FILTER TIPS 1000Âµl LONG sterile low;;;
EPPENDORF TUBE SAFE LOCK 1.5ML BIOPUR;;;
PLAQUE PCR 96X0.1ML;;;
SARS COV2 ELITE POS CONTROL;;;
Xpert MTB/RIF;;;
EXT TIP 1000Âµl TRAY 8*96;;;
XPERT MTB/RIF ULTRA;;;
XPERT MTB/RIF-ULTRA-10;;;
EXPERT MRSA NXG;;;
OPTICAL SEALING SHEET;;;
POINTE A FILTRE 10ÂµL BIOCLEAN *960;;;
FILTER TIPS 20Âµl sterile;;;
FILTER TIPS 200Âµl sterile;;;
SARS COV2 VARIANTS ELITE RUO;;;
EXPERT GXMRSA-NXG-CE-10;;;
Xpert carba GXCARBAR-CE-10;;;
CONE A FILTRE FINNTIPS 1000ÂµL *960;;;
FILTER TIPS 1000Âµl  sterile low;;;
SARS COV2 VARIANT POS CONTROLE RUO;;;
GXMRSA-100N-10 XPERT MRSA IVD 10TESTS;;;
CD 4000 DILUANT LEUC   1H7301;;;
3624 ID DIACELL A1B     180 TESTS;;;
STA DEFICIENT V   00744;;;
ID-DIACELL I II III   004310;;;
STA DESORB U   00975;;;
ZE001906 SP SLIDES;;;
CD 4000 REACT HEMOGL   1H7901;;;
78050SX5000 TAMPON PH7 EN SOL POUR SP;;;
MAY GRUNWALD  FR09765;;;
ID DIACELL I II III 3 X 5 ML;;;
STA PTT AUTOMATE 5   00595;;;
11513860 HUILE IMMERSION  20 ML;;;
STA CLEANER SOLUTION   00973;;;
STA NEOPLASTINE   00667;;;
STA SYSTEM CONTROL N + P   00678;;;
83401621 CELLCLEAN 50 ML;;;
00201 STA CONTROL LA 1 + 2;;;
STA DEFICIENT II;;;
00545 STA FM CONTROL;;;
9290 ID DILUANT 2   600 TESTS;;;
STA STACLOT PROTEIN S   00746;;;
STA MICROCUPS   00802;;;
37001300T SP SLIDES;;;
CONTROLE QI GROUPES PHENOS  108020257;;;
CD 4000 REACT RETICU   1H7601;;;
STA CUVETTES   26453;;;
1398 ID DIACLON ABO/RH + EP SERIQUE +;;;
STA LIATEST DDI PLUS 006662;;;
CD 4000 REACT B WBC   1H7801;;;
00311 STALIQUID ANTI XA 4;;;
STA ROUTINE QC 2ML;;;
STA UNICALIBRATOR   00675;;;
CD4000 REACT A WBC   1H7701;;;
STA MAXI REDUCER   00801;;;
STA STACHROM ATIII 3   00596;;;
CONTROLE QI  RAI   108030357;;;
37000305 SP-RINSE 10L;;;
8H5302 CD SAP VENT ASSEMBLY;;;
00543 STA LIATEST FM;;;
PTT LA 00599;;;
TUBE HEMOLYSE VERRE   TH1175;;;
STACLOT LA   00600;;;
LAMELLE COUVRE OBJET   LCO2222;;;
STA NEOPTIMAL 10;;;
539 POOL NORM;;;
PLAQUES A UU GROUPE SANGUIN   PLAGS;;;
75072SX5000 SP-CLEAN 5L;;;
STA CK PREST 5   00597;;;
STA CACL2 0.025M   00367;;;
EMBOUTS ET JOINTS (X6) REF 27530;;;
213485 XN-CHECK NIVEAU NORMAL;;;
STA IMMUNODEF IX   00734;;;
TAMPON SORENSEN;;;
213484 XN-CHECK NIVEAU BAS;;;
STA IMMUNODEF VIII   00728;;;
TUBES POMPE MOYEN   91485;;;
STA OWREN KOLLER   00360;;;
STA STACHROM PROTEIN C   00671;;;
DILUANT COLORATEUR SMS;;;
BL121531 LYSERCELL WNR 5L;;;
203486 XN-CHECK NIVEAU HAUT;;;
00381 STA QUALITY HNF / UFH;;;
75010SX2500 MAY GRUNWALD SOL POUR SP;;;
STA QUALITY HBPM/LMWH   00686;;;
CARTES ID-LISS/COOMBS AGI;;;
00315 STA DEFICIENT XII;;;
75030SX1000 GIEMSA EN SOL POUR SP;;;
BARREAU AIMANTE BLANC   27425;;;
11513860 HUILE ` IMMERSION  20 ML;;;
STA MINI REDUCER   00797;;;
GIEMSA FR09264;;;
ID DIACLON ABO/RH + ID DIACLON PHENO;;;
KIT CONTROLE LATEX;;;
AL337564 LYSERCELL WDF 5L;;;
LR90SF02 LAMES;;;
HEMATIES TESTS A1 B SERIE 1 2X5ML;;;
THNH MICRO HEMATOCRITES;;;
STA LIATEST CONTROL N + P   00526;;;
705030257 TEMOIN POS COOMBS DIRECT;;;
CARTES ID-LISS/COOMBS   004015;;;
00339 STA STACLOT DRVV SCREEN 2;;;
STA DEFICIENT VII   00743;;;
721 STACLOT APC-R;;;
STA DÃ©ficient XI;;;
CV377552 FLUOROCELL WDF 2X42ML;;;
STA DEFICIENT II   00745;;;
BQ505775 CELLPACK DST 10L;;;
4837 DC SCREENING II         576 TESTS;;;
STA DEFICIENT X   00738;;;
BN337547 FLUOROCELL RET 2X12ML;;;
STA THROMBIN 10   00669;;;
FILTRE A AIR 549X157 REF 38517;;;
IHQC 2 ABO PHENO RH RAI;;;
IHQC 4 ABO PHENO RH;;;
00334 STA STACLOT DRVV CONFIRM;;;
FIBRINOGENE LIQUIDE;;;
IHQC 3 ABO PHENO RH;;;
IHQC 1 ABO PHENO RH RAI;;;
FILTRE FEUTRE BOITIER CO REF 38125;;;
HEM CD 29 PLUS CTR 3N 12T;;;
BARREAU AIMANTE ROUGE  26674;;;
IHQC 7 TDA POS IgG;;;
AIGUILLE ASPIRATION;;;
9328 IHQC8 TDA POS C3d;;;
CP066715 FLUOROCELL WNR 2X82 ML;;;
BT965910 CELLPACK DFL 2X1.5L;;;
001048 ID DIACLON ABO/RH NOUVEAUX NES;;;
223501 BIOPHEN ORGARAN CONTROL;;;
STA DEFICIENT XI   00723;;;
109416 DIACELL ABO A1 B;;;
ID-DILUENT 2   009260;;;
90411414 SULFOLYSER 5L;;;
CD 4000 DILUANT LEUCO  1H7301;;;
99231 DILUANT COLORATEUR SMS;;;
STA Déficient XI;;;
ID diacell I II III    5ml;;;
STA D DI CONTROL;;;
STA LIATEST DDI   00515;;;
004023 CARTES ID ANTI IGG;;;
LR90SF02 LAMES pr colorateur automatiq;;;
ID DIACELL ABO A1,B    ;;;
004015-0007 THROMBO-TIC PURE PLUS;;;
CD994563 FLUOROCELL PLT 2X12ML;;;
GIEMSA FR09264 2L;;;
CT661628 CELLPACK-DCL 20L;;;
DC SCREENING II    ;;;
00544 STA FM CALIBRATOR;;;
SERINGUE HEMOGLOBINE 5 ML;;;
00348 STA MULTHEP CALIBRATOR;;;
 ID DILUANT 2   IH 1000;;;
ID ANTI D CONFIRMATION  1 X 5 ML;;;
D DIMER NEW VIDAS   30442;;;
94052310 FINNTIPS FILTRE  LONGS 100 µL;;;
213486 XN-CHECK NIVEAU HAUT;;;
MICROCIDE SQ;;;
004013-0007 LEUKO-TIC BLUE PLUS;;;
VEOLIA CARTOUCHE ECHANGE ION;;;
STA FIBRINOGEN 5   00674;;;
PARAFILM rouleau largeur 10 cm;;;
filtre plisse 130mm;;;
STA IMMUNODEF XII;;;
THERMAL PAPER  1 BOITE 4 ROULEAUX;;;
222201 BIOPHEN ORGARAN CALIBRATOR;;;
PAPIER IMPRIMANTE   361520;;;
ID DIACLON ABO/RH NOUVEAUX NES;;;
AK724531 RUBAN ENCREUR;;;
CONES POUR ID-PIPETOR   009622;;;
Anti D salin IgM MS201;;;
COOMBS ANTI  IgG D FAIBLE;;;
Tubes à hémolyse en verre;;;
71010 ANTI D TOTEM 5X10ML;;;
CONES 100 ul LONGS AVEC FILTRE;;;
SERINGUE DILUANT 10 ML;;;
CALIBRATEUR LATEX 6  3 NIVEAUX;;;
91766 DECON;;;
2H6302 AIGUILLE ASPIRATION;;;
AIGUILLE NX1 PERCAGE REF 39164;;;
Temoin Rh mono salin;;;
741 STA MICROTAINER X 500;;;
8H4902 SERINGUE HEMOGLOBINE 5 ML;;;
STA QUALITY HNF/UFH;;;
SERINGUE INJECTION IMPEDANCE;;;
TEMOIN NEGATIF ANTI D 5X10ML;;;
SERINGUE RET/WBC PART A 2.5 ML;;;
MALARIA PALUTOP +4 OPTIMA;;;
8H4701 SERINGUE INJECTION OPTIQUE 500;;;
STA DEFICIENT IX   00724;;;
BIOPHEN ORGARAN CALIBRATOR 222201;;;
Barreau aimanté rouge;;;
AIG  MISE A L AIR  PASSEUR SMS;;;
RUBAN IMPRIMANTE SMS;;;
CD tube pompe MD (moyen);;;
500209 CORE MALARIA;;;
TUBULURE DECHETS;;;
STA DEFICIENT VIII   00725;;;
89645  RIVASCOP REZMPLACE PAR;;;
8H4801 SERINGUE RET/WBC PART A 2.5 ML;;;
8H1301 SERINGUE DILUANT 10 ML;;;
Cones pour ID pipeteur;;;
8H4601 SEINGUE INJECTION IMPEDANCE 100;;;
TUBE HEMOLYSE EN VERRE;;;
066508290 LAME ANCA ETHANOL;;;
Controle TDA;;;
STA MICROCUPS (X 100);;;
8H5801 CD 29 PLUS CTR 3N 12T;;;
STA MULTI HEP CALIBRATOR;;;
Tubes Microhématocrites;;;
STA NEOPTIMAL;;;
Barreau aimanté blanc;;;
Seringue WBC Part B;;;
066508295 ANCA FORMOL  LAME 6 PUITS;;;
STA MAXI REDUCER;;;
Aiguille d'aspiration;;;
38876 BOITE CONSO 150X4 TRANSPARENTS;;;
LAMES ETALEMENT SMS;;;
Seringue Ret/WBC Part A;;;
Hématies pour épreuve plasmatique ( CE en tube);;;
79000 TEMOIN NEGATIF ANTI D 5X10ML;;;
SERINGUE WBC PART B 250 µL;;;
8H5801HEM CD 29 PLUS CTR 3N 12T;;;
CD sap vent assembly (trocart);;;
STA MINI REDUCER;;;
ID-DILUENT 2   ;;;
944-157 PACK SOLUTION;;;
STA LIQUID ANTI XA 4;;;
Seringue inj optique 500 ul;;;
EMBOUTS ET JOINTS (X6);;;
K7064 PREALBUMINE 2X100 TESTS;;;
STA Cuvettes;;;
Seringue inj impédance;;;
42180286 LAMELLES GLASS PLATE N4;;;
FINNTIPS FILTRE  LONGS 100 ÂµL;;;
ID diacell I II III;;;
VIRUS RESPIRATOIRE SCREENING   52217;;;
CARTE MULTIPARAMETRIQUE 1000 TESTS;;;
86370 ANTI D SALIN  FAST M B9A4;;;
6H4501 RUBAN IMPRIMANTE SMS;;;
Anti D salin fast M B9A4;;;
8H4501 SERINGUE WBC PART B 250 µL;;;
Seringue diluant;;;
NEG CONTROL;;;
DOT ANA 12;;;
D DIMERES VIDAS EXCLUSION II;;;
Lames super frost pour SMS;;;
26441 FLACON DE BILLES 1X1850;;;
CONTACHECK 3 TUBES 2 ML;;;
KIT TUBING HGB;;;
SERINGUE WBC PART B 250 ÂµL;;;
ANTI D TOTEM;;;
DECON;;;
SUPPORT SERINGUE 250 µ / 2.5 ML;;;
AIGUILLE MISE A L AIR  PASSEUR;;;
SUPPORT SERINGUE 100 ML ET 500 ML;;;
KIT COLORATION KLEIHAUER COMPLET;;;
SUPPORT SERINGUE 2.5 ML;;;
8H3302 SUPPORT SERINGUE HGB;;;
DOT FOIE 7(AD-LIVER7D);;;
FER CHLORURE   PROLABO  24216.268;;;
ERYTHROSINE   PROLABO  34227.184;;;
38051 FINNTIP 2.5ML BOITE DE 100;;;
DOT ENA 10D (AD-ENA 10D);;;
MALARIA CONTROL P.FALCIPARUM;;;
6H5601 LAMES ETALEMENT SMS;;;
MONOSPOT LATEX MNI;;;
SYSTEME SEDIPLAST  SDPPC;;;
8H5801 HEM CD 29 PLUS CTR 3N 12T;;;
GLYCOL LIQUIDE DE REFROIDISSEMENT 3864;;;
924-816 INLET GASKET WITH HOLDER ABL90;;;
LAMES POUR CYTOCENTRI   5991059;;;
RHUMALATEX  (5560 );;;
TOXO ISAGA   75361;;;
RIVASCOP;;;
066508298 LAME ANCA ETHANOL 12 PUITS;;;
066508295 ANCA FORMOL  LAME 6 PUITS;;;
TAMPON PBS   40X;;;
TAMPON PBS 1 LITRE;;;
TOXO IGG II  VIDAS   30210;;;
4J2727 anticorps anti VIH1+2 + Ag P24;;;
8L4425 ANTICORPS ANTI HBc TOTAUX;;;
066508280 ANCA METHANOL  LAME 6 PUITS;;;
066508002 TAMPON PBS   40X;;;
6C1925 Toxoplasmose IgG;;;
7C1828 ANTI HBS Reagent kit;;;
6C2025 TOXO IgM;;;
6C5458 tampon (litres);;;
6C3727 HÃ©patite C;;;
2G2225 AntigÃ¨ne HBS;;;
DOT ANA 12;;;
IGM ANTI VCA EBV 24 TESTS;;;
IGG ANTI EBNA ELISA 24 TESTS;;;
ANTI- DSDNA IGG  24 TESTS;;;
IGG ANTI VCA EBV 24 TESTS;;;
BRUCELLOSE  WRIGHT        63241;;;
ENA SCREEN   24 TESTS;;;
VIDAS  QCV   30 706;;;
IGM ANTI HSV1 / HSV2 COMBINE 24 TESTS;;;
LAME TRIPLE SUBSTRAT 12 LAMES 4 PUITS;;;
IGG ANTI HSV1 / HSV2 COMBINE 24 TESTS;;;
6C2010 TOXO M CONTROLE;;;
6C1610 CMV M CONTROLE;;;
6C1525 CMV IgG;;;
1072693 REACTIF SIGNAL;;;
FACTEURS RHUMATOIDES 24 TESTS;;;
4J2712 HIV COMBO CONTROLE;;;
DOT LIVER 7 24 TESTS;;;
6801715 VERSATIPS POINTES PIPETTES;;;
066708100 NOVA LITE HEP2 ANA KIT;;;
ANCA ETHANOL LAME 6 PUITS;;;
ANTI CCP  24 TESTS;;;
066508290 LAME ANCA ETHANOL;;;
6C2927 HÃ©patite A ac totaux;;;
6C1726 Rubeole IgG;;;
066508291 CONTROLE P ANCA 0.5ML;;;
2G2225 Antigène HBS;;;
6C1625 CMV IgM;;;
7C1503 CUPULES REACT.;;;
066508113 FITC IGG CONJUGUE;;;
REF 30443 VIDAS HIV DUO ULTRA;;;
6C3727 Hépatite C;;;
1787753 AC ANTI HBS 100 PUITS;;;
8496812 AC ANTI HBC TOTAUX 100 PUITS;;;
CONJUGUE FLUORES  10 ML;;;
DOT POLYMYOSITIS / SCLERODERMA;;;
6802131 AG HBS 100 PUITS;;;
6C3025 HÃ©patite A IgM;;;
CONTROLE POSITIF ALEGRIA;;;
CONTROLE NEGATIF ALEGRIA;;;
8L4410 CORE CONTROLE;;;
6C5560 TRIGGER (litres);;;
7C1813 ANTI HBs controls;;;
7C1841 ANTI HBS Reagent kit;;;
6C3710 HCV CONTROLE;;;
1318450 HVC 100 PUITS;;;
7C1401 GODETS ECHANT.;;;
ANTI CARDIOLIPIDES IGM  24 TESTS;;;
ANTI CARDIOLIPIDES IGG 24 TESTS;;;
TOXO IGM  VIDAS   30202;;;
HEPATITE A VIDAS   30312;;;
SOLUTION DECONTAMINATION;;;
6C1910 TOXO G CONTROLE;;;
8D0632 ARC SYPHILIS REACTIF;;;
066508191 CONTROLE C ANCA 0.5ML;;;
6C1713 RUB G CONTROLE;;;
ANTI MPO 24 TESTS;;;
066508186 CONTROLE ANA NEGATIF;;;
ZEBRA IGM 24 TESTS;;;
6C2910 HAV G CONTROLE;;;
ANCA FORMOL  LAME 6 PUITS;;;
6C3010 HAV M CONTROLE;;;
CMV G CONTROLE;;;
066508292 CTLE ATYPICAL  ANCA  +;;;
4D1901 caps de remplacement;;;
7C1825 Anticorps anti HBs;;;
HEPATITE A IGM   30307;;;
ANTI BETA 2 GLYCOPROTEIN I IGG;;;
ANTI PARVOVIRUS B19 IGM  24 TESTS;;;
ANTI PARVOVIRUS B19 IGG 24 TESTS;;;
4D1803 septum;;;
8091399 TOXO G 100 PUITS;;;
ANTI PR3  24 TESTS;;;
MILIEU DE MONTAGE 3 ML;;;
ANTI BETA 2 GLYCOPROTEIN I IGM;;;
6R8622 SARS COV 2 REACTIF;;;
AntigÃ¨ne HBS Controle;;;
CMV IGM VIDAS   30205;;;
6C3025 Hépatite A IgM;;;
DOT FULLANA;;;
AUTOIMMUNE NEG CONTROL 2 ML;;;
DOT CYTOPLASME 6    24 TESTS;;;
XPERT HCV VIRAL LOAD;;;
6800389 CTLE AC ANTI HBS 3X3NIV;;;
PAPIER THERMIQUE D4IMPRESSION;;;
6800836 CTLE AC ANTI HBC 3X2NIV;;;
8D0613 ARC SYPHILIS CONTROLE;;;
PrÃ©activateur (4 x 1l);;;
Antigène HBS Controle;;;
6800731 CTLE HVC 3X2NIV;;;
IGG EA 24 TESTS;;;
AIGUILLES;;;
DOT SCLERO POLY SYNTHETASES PROFIL 12;;;
6C1601 CMV M CALIBRATEUR;;;
6C3027 HÃ©patite A IgM;;;
DOT ENA 10D (AD-ENA 10D);;;
RPR 100 TESTS VDRL;;;
6800598 CTLE AG HBS 3X2 NIV;;;
LAMES TRIPLE SUBSTRAT 4 PUITS;;;
TPHA  CHECK;;;
DOT FOIE 7;;;
VIDAS TOXO IGG AVIDITY   30222;;;
TOXO ISAGA   75361;;;
DOT LUPUS 24 TESTS;;;
ANTI GBM  24 TESTS;;;
1900 FITC QC SLIDE LAME DE REFERENCE;;;
6C3327 Anticorps anti HBc IGM;;;
6C2925 Hépatite A ac totaux;;;
AUTOIMMUN SMOOTH MUSCLE POSITIF 2ML;;;
8389793 SOLUTION LAVAGE UNIVERSELLE;;;
6C1728 Rubeole IgG;;;
CMV IGG  VIDAS   30204;;;
VDRL  CHECK CHARBON;;;
DOT ANCA GOODPASTURE(AD-MPGD);;;
TPHA 200;;;
8577413 AC ANTI HBC IGM 52 PUITS;;;
AUTOIMMUN MITOCHONDRIAL POSITIF 2ML;;;
6C3311 CORE M CONTROLE;;;
MONOSPOT LATEX MNI;;;
IGM ROUGEOLE 24 TESTS;;;
Préactivateur (4 x 1l);;;
IGG ROUGEOLE  24 TESTS;;;
4J2703 HIV COMBO CALIBRATEUR;;;
DOT VASCULARITE ET MBG  24 TESTS;;;
IGG OREILLONS 24 TESTS;;;
6C2001 TOXO M CALIBRATEUR;;;
RUBEOLE IGG II VIDAS   30221;;;
CONJUGUE FLUORES 10 ML;;;
6C1501 CMV G CALIBRATEUR;;;
6C1901 TOXO G CALIBRATEUR;;;
6C2927 Hépatite A ac totaux;;;
3L4625 CMV AVIDITE;;;
7C1803 ANTI HBS CALIBRATORS;;;
6L3711 CAL TOXO AVIDITE;;;
DOT FOIE 7(AD-LIVER7D);;;
6C3701 HCV CALIBRATEUR;;;
6C2901 HAV G CALIBRATEUR;;;
IGM ANTI EBV(ZEBRA) 24 TESTS;;;
8L4401 CORE  calibrateur;;;
3L4611 CAL CMV AVIDITE;;;
7C1502 CUPULES REACT.;;;
1831312 PACK MAINTENANCE 2X1CART;;;
IGM OREILLONS 24 TESTS;;;
63240 SERUM CTLE POSITIF BRUCELLA;;;
antigene HBS calibrateur;;;
ANTI-EBV(ZEBRA) IgM;;;
6C1712 RUB G CONTROLE;;;
8321200 DILUANT B 100 P / 25;;;
X0002 EMBOUT 1100 µL;;;
6R8612 SARS COV 2 CONTROLE;;;
ELGA LC 141 cartridge pack;;;
8D0604 ARC SYPHILIS CALIBRATEUR;;;
6C3001 HAV M CALIBRATEUR;;;
ANCA METHANOL  LAME 6 PUITS;;;
6C1703 RUB G CALIBRATEUR;;;
1L5640 solution de nettoyage probe;;;
6C1510CMV G CONTROLE;;;
DOT FACTEUR INTRINSEQUE PCA;;;
2G2210AntigÃ¨ne HBS Controle;;;
63412 SALMONELLE AO 50 ML;;;
TAMPON PBS REF 31098;;;
toxo avidite;;;
6800834 CTRL AC ANTI HBC IGM;;;
7C1810 Anticorps anti HBS controle;;;
BRUCELLOSE SLIDE TEST  REF 72691;;;
PROLACTINE  VIDAS 30410;;;
DILUENT AGHBSII confirmation;;;
MILIEU DE MONTAGE;;;
6C3011 HAV M CONTROLE;;;
63422 SUSPENSION O (BO) 50 ML;;;
00109 CONTROLE VIROTROL TORCH;;;
63322 SALMO SUSPENSION AH 50 ML;;;
6800100 CARTOUCHE FILTRE CHARBON;;;
AUTO IMMUNE NEG CONTROLE;;;
CONTROLE POS ASMA / REF129;;;
00118 CONTROLE VIROCLEAR TORCH;;;
DOT SCLERODERMIE PROFIL 10;;;
BRUCELLOSE  WRIGHT 63241;;;
63332 SUSPENSION SALMO BH 50 ML;;;
6C3302 CORE M CALIRATEUR;;;
63312 SUSPENSION H (TH) 50 ML;;;
STREPTOZYME  REF 5238 2;;;
63432 SUSPENSION SALMO CO 50 ML;;;
6E2365PrÃ©activateur (4 x 1l);;;
63402 SUSPENSION SALMO TO 50 ML;;;
63342 SALMO SUSPENSION CH 50ML;;;
6R8602 SARS COV 2 CAL;;;
6C3325 Anticorps anti HBc IGM;;;
tampon (litres);;;
 NOVA LITE HEP2 ANA KIT;;;
8C9435 aiguille de la zone de lavage;;;
DOT ANCA MPO PR3 GBM;;;
680 1755 MICROSENSOR CHECK;;;
MACROWELL TUBE STRIPS  1.2 ML SECABLE;;;
AntigÃ¨ne HBs confirmation;;;
5474 VDRL  CHECK CHARBON;;;
LAME TRIPLE SUBSTRAT   29021;;;
LAME HEP2 ( 6 PUITS )    REF 30845;;;
DOT ANA DFS70;;;
CONTROLE AMA POSITIF;;;
6C3301 CORE M CALIRATEUR;;;
MILIEU DE MONTAGE REF 30403;;;
PBS (POUDRE)   75511;;;
6C3310 CORE M CONTROLE;;;
ANTI MCV;;;
CONJUGUE FLUORES REF 30446;;;
Antigène HBS;;;
ANTICORPS ANTI HBc TOTAUX;;;
anticorps anti VIH1+2 + Ag P24;;;
DOT LUPUS;;;
Anticorps anti HBs;;;
BOTTLES 60 ML  POUR QL2  CDT 12;;;
6802888 POUBELLES EMBOUTS REACTIFS;;;
8C9447AIGUILLES;;;
CONTROLE POS AMA / REF127;;;
TAMPON PBS 100 ml;;;
5484 TPHA  CHECK;;;
1P4101 déflecteur station de lavage;;;
PAPIER THERMIQUE D'IMPRESSION;;;
EPONGES DECONTAMINATION VIDAS   99087;;;
SYSTEM LIQUIDE DETERGENT 1 LITRE;;;
POLYARTEST (5232);;;
Hépatite C;;;
Antigène HBs confirmation;;;
6C5563 TRIGGER (litres);;;
CONTROLE POSITIF ANTI PARIETALES ME 00;;;
AUTO IMMUN SMOOTH MUSCLE POS;;;
J12416 LAMPE REFLECTOMETRE;;;
VDRL  CHECK CHARBON(5474);;;
X0002 EMBOUT 1100 µL 10 X 96;;;
TPHA  CHECK (5484);;;
CONTROLE C ANCA 0.5ML;;;
776150 MONOSPOT LATEX MNI;;;
CONTROLE P ANCA 0.5ML;;;
DOT LUPUS RIBOSOMES(AD-LUD);;;
J36528 CAPUCHON DE PISTON;;;
X0002 EMBOUT 1100 ÂµL;;;
6802133  AG HBS CONFIRLATION;;;
6802889 POUBELLES PUITS ET EMBOUTS;;;
2G2201antigene HBS calibrateur;;;
SERUM ANTI JO-1    CA 1661-0101;;;
CONTROLE POS HOMOGENE ANA (107);;;
MONOSPOT LATEX MNI(776150);;;
IGG ROUGEOLE(measles)  24 TESTS;;;
6C3002 HAV M CALIBRATEUR;;;
CRITHIDIA LUCILIAE 4 PUITS;;;
680 1967 FILTRE SYSTEME;;;
Toxoplasmose IgG;;;
8C9487 détecteur d'aspi zone lavage;;;
TOXO IgM;;;
SERUM ANTI LKM     CA 1320-0101;;;
POLYARTITRE  (5356);;;
MICROPLAQUES   PMUGR;;;
AESK-WB SOLUTION DE LAVAGE ENA;;;
8D0629 ARC SYPHILIS REACTIF;;;
1524693 ETALON AG ANTI HBS;;;
J24198 MODULE PRELEVEMENT PISTON;;;
7C1801 anticorps anti HBS calibrateur;;;
SALMONELLE AO 50 ML;;;
SALMONELLE(TH) 50 ML;;;
SALMONELLE TO 50 ML;;;
J36989 FILTRE REFROIDISEUR;;;
SALMONELLA CO 50 ML;;;
8C9436 aiguille de la zone de lavage;;;
SALMONELLE BO 50 ML;;;
IMMU TREP TPHA;;;
30406 CRITHIDIA 1 LAME 4 PUITS;;;
ETP  ECOUVILLON SEC STERILE TIGE;;;
11513860 HUILE ` IMMERSION  20 ML;;;
TAMPON PBS 1L;;;
IGM ROUGEOLE(Measles) 24 TESTS;;;
IMMUNOTROL  CONNECTIVE 2  2X500 µL;;;
SARS COV 2 IGM Calibrateur;;;
CONTROLE QUANTA CHEK ANCA PANEL;;;
SARS COV 2 IGM controle;;;
6L3725toxo avidite;;;
rÃ©actif sars cov 2 IgM;;;
6C1702 RUB G CALIBRATEUR;;;
 SALMONELLE  AH 50 ML;;;
HCV CONTROLE;;;
CMV IgM;;;
6E2368 PrÃ©activateur (4 x 1l);;;
2G2325AntigÃ¨ne HBs confirmation;;;
6800834 AC ANTI HBC IGM;;;
CMV IgG;;;
Hépatite A ac totaux;;;
VITAMINE D TOTALE;;;
SERUM CTLE AC ANTI RIBOSOME 0.1 ML;;;
Rubeole IgG;;;
CONTROLE ATYPICAL  ANCA  ;;;
TOXO G CONTROLE;;;
CMV M CONTROLE;;;
IGE  VIDAS   30419;;;
TOXO M CONTROLE;;;
3102 AESKULISA ENA -6S;;;
Hépatite A IgM;;;
SALMONELLA CH 50ML;;;
61611 PASTOREX MENINGO B/E.COLI K1;;;
PARATHORMONE STAT;;;
CARTES ID-LISS/COOMBS   004015;;;
AUTOIMMUNE NDNA POS (119);;;
1398 ID DIACLON ABO/RH + EP SERIQUE +;;;
FITC QC SLIDE LAME DE REFERENCE (1900);;;
SALMONELLE BH 50 ML;;;
SERUM CTRLE POSITIF BRUCELLA;;;
ID DIACELL I II III 3 X 5 ML;;;
ELECSYS BRAHMS PROCALCITONINE;;;
CONTROLE POS ANTI PARIETALES (ME 0052);;;
1940667 ETALON HVC;;;
Anti Parvovirus B19 IgG 24 tests;;;
STREPTOZYME  (5238 );;;
Anti Parvovirus B19 IgM;;;
Anti-MPO 24 tests;;;
8L2001 portoirs réactifs;;;
Anti-GBM 24 tests;;;
7C1840 ANTI HBs Diluent Kit;;;
CORE CONTROLE;;;
HAV M CONTROLE;;;
CUPULES REACT.;;;
CORE M CONTROLE;;;
450003 SAC POUBELLE   CDT PAR 10;;;
J30739 FILTRE ORDINATEUR CENTRAL;;;
2G22-01 antigene HBS calibrateur;;;
6L0101 detecteur niveau tamp  lavage;;;
8C9429 filtre tampon de lavage;;;
RUB G CONTROLE;;;
8C9427 détecteur niveau sol pré act;;;
8L2001 portoirs rÃ©actifs;;;
8C9426 détecteur niv sol activation;;;
1P4101 dÃ©flecteur station de lavage;;;
8C9487 dÃ©tecteur d'aspi zone lavage;;;
1P1201 canne de sortie du tampon;;;
2G2340DILUENT AGHBSII confirmation;;;
8C9467 dÃ©tecteur niveau sol prÃ© act;;;
HAV G CONTROLE;;;
GODETS ECHANT.;;;
TUBE HEMOLYSE VERRE   TH1175;;;
4832 HYDRAGEL 4 URINE PROFIL  MS;;;
107 CONTROLE HOMOGENE TITRE ANA;;;
ANTI PR3  12 TESTS;;;
IGG OREILLONS(Mumps) 24 TESTS;;;
IGM OREILLONS (Mumps)24 TESTS;;;
ETALON AG HBS;;;
BRUCELLOSE SLIDE TEST 72691;;;
TECOPLANINE CONTROLE .;;;
CPS ID 3  43541;;;
RHUMALATEX  (5560 );;;
Anticorps anti HBS controle;;;
IMMUNOTROL  CONNECTIVE 1  2X500 µL;;;
IMMUNOTROL  VASCULITIS   2X500 µL;;;
IMMUNOTROL  CYTO 2X500 µL;;;
189312 ETALON TOXO G 2X1NIV;;;
IMMUNOTROL  APS IGM  2X500 µL;;;
IMMUNOTROL  RHEUMA 2X500 µL;;;
IMMUNOTROL  APS IGG 2X500 µL;;;
HIV COMBO CONTROLE;;;
eponges vidas;;;
GELOSE COLOMBIA SG MOUTON PB5039A;;;
GÃ©lose BCP 10 boites;;;
GELOSE BCP;;;
GELOSE COLUMBIA SG MOUTON+CAP;;;
GELOSE M HINTON (BTE RONDE);;;
GELOSE M HINTON (BTE CARREE);;;
CETREMIDE GELOSE;;;
GELOSE COLUMBIA+CAP;;;
ANAEROGEN COMPACT   AN0010C;;;
GELOSE CHOCOLAT+POLYVITEX   REF 43101;;;
GELOSE BCP (20 BOITES);;;
Brillance ESBL AGAR;;;
Chromid CPS Elite;;;
CD0025A CO2 GEN 2.5 L;;;
AN0025A ANAEROGEN 2.5L;;;
GELOSE COLUMBIA+CAP 10 BOITE PB5082A;;;
ECOUVILLONS SECS TIGE PLASTIQUE BLANC;;;
22259 AST N233;;;
MHF sang cheval boite ronde;;;
PLASMA DE LAPIN   56352;;;
CO2GEN COMPACT   CD0020C;;;
43481 CHROMID ESBL 20 BOITES;;;
43451 MRSA ID GELOSE;;;
lames pour cytocentri (cytoslides/50);;;
chambres jetables (cytofunnels/50);;;
VITEK 2 GN;;;
GELOSE HEKTOEN (20 BOITES) 43111;;;
CPS ID 3  43541;;;
NOW STREPTOCOQUE PNEUMONIAE;;;
227261TUBE 50ML STERILES FOND CONIQUE;;;
29526 UF II SHEATH 1X20 L;;;
43681 GELOSE HAEMOPHILUS;;;
DCL (20 BOITES)  REF254012;;;
CAMPYLOSEL;;;
ROSENOW CYSTEINE 25T;;;
NACL 0.85%;;;
VITEK AST P631;;;
VITEK 2 GP;;;
RIFAMPICINE 30;;;
AEB120291 MH CLOXA;;;
IMIPENEM 10;;;
CEFOTAXIME 30;;;
852000 LEGIONELLA  NOW  22 TESTS;;;
TRIMETHOPRIME SULF 25;;;
GELOSE BRUCELLA AU SANG (BBA);;;
22259 AST N103;;;
COMPOSE VIBRIO STATIQUE O/129   53 872;;;
FOSFOMYCINE 50;;;
LEVOFOXACINE 5;;;
43411 GARDNERELLA 20 BOITES;;;
KLIGLER  20 TUBES;;;
BOUILLON COEUR CERVELLE;;;
MUELLER HINTON + SANG  (*20);;;
CANDIDA CHROMAGAR;;;
AN0025A ANAEROGEN 2.5L  X10;;;
TAMPON PBS 1 LITRE;;;
AMOXICILLINE + AC CLAV;;;
CEFTAZIDIME 30;;;
T30525C CLOS CHECK DIFFICILE COMPLETE;;;
TETRACYCLINE 30;;;
43565 CETREMIDE GELOSE 20 BOITES;;;
TICARCILLINE + AC CLAVU;;;
OXACILLINE 5;;;
CIPROFLOXACINE 5;;;
GENTAMICINE 15;;;
DNP + THIOSULFATE TAMPON;;;
CHROMID SALMONELLA ELITE;;;
MOXIFOXACINE 5;;;
SCHAEDLER NEO VANCO;;;
ERYTHROMYCINE 15;;;
43002 CHROMID VRE 20 BOITES;;;
BRILLIANCE GBS BOITE DE 10;;;
CD0025A CO2 GEN 2.5 L  10 SACHETS;;;
WSS041B COLORANT GRAM IODINE 500 ML;;;
PRISTINAMYCINE 15;;;
NOUVELLE REF 21341  GN VITEK VT K2;;;
ERTAPENEME 10;;;
SS-041AA GRAM REAGENT A;;;
CHROMID CARBA GELOSE DE 20 BOITES;;;
VANCOMYCINE 30;;;
CHROMID OXA-48 GELOSE;;;
LINEZOLIDE 30;;;
TIGECYCLINE 15;;;
254041 GELOSE SABOUR GENTA CHLORAM;;;
SOLUTION SUSPENSION;;;
CEFEPIME 30;;;
416000 NOW INFLUENZA A ET B;;;
220217 INOCULATEURS STERILES OSE 10;;;
CHLORAMPHENICOL 30;;;
43451 MRSA ID GELOSE 20 BOITES;;;
43421 GELOSEYERSINIA;;;
LINCOMYCINE 15;;;
AST-N 233;;;
AMOXICILLINE 25;;;
CEFOXITINE 30;;;
PIPERACILLINE TAZOBACTAM;;;
OFLOXACINE 5;;;
MUELLER HINTON + SANG   43321;;;
ETP  ECOUVILLON SEC STERILE TIGE;;;
22330 AST P606 VITEK;;;
CN0025A CAMPYGEN 2.5 L;;;
43621 SM ID 2;;;
Disques antibiotiques TEMOCILLINE 30Âµg;;;
AZTREONAM;;;
Chocolate II Agar Tubes;;;
PIPETTE SERUM S;;;
NITROFURANTOINE 300;;;
BOUILLON COEUR CERVELLE  20 TUBES;;;
COLISTINE 50;;;
KIT ACCESSOIRES VITEK2 21219;;;
CRYO BILLES   CRYO/M;;;
COLORANT GRAM CRISTAL VIOLET;;;
TV50051 SELENITE;;;
LATAMOXEF/ MOXALACTAM;;;
AC NALIDIXIQUE 30;;;
Disques antibiotiques TIGECYCLINE 15;;;
Disques antibiotiques LEVOFLOXACINE 5;;;
VRE BOUILLON;;;
MEROPENEME 10;;;
CHAMBRES JETABLES   5991040;;;
42031 SABOURAUD CHLORAM GENTA;;;
CAMPYGEN COMPACT   CN0020C;;;
PIPETTE PASTEUR;;;
Disques antibio TRIMETHOPRIME SULFA 25;;;
CEFALOTINE 30;;;
TICARCILLINE 75;;;
PIPERACILLINE 75;;;
ELITE INGENIUS SP 200 C SET;;;
22330 AST P606;;;
ELITE INGENIUS SP 200;;;
OPTOCHINE  REF 53852;;;
PO5172C BOITES CONTACT +AG NEUTRE PLUS;;;
DIGESTEUR  B6;;;
PENICILLINE 5;;;
AMIKACINE 30;;;
NOUVELLE REF 21342  GP VITEK VT K2;;;
B852-000FR LEGIONELLA  NOW  22 TESTS;;;
Disques antibiotiques CEFEPIME 30;;;
Antibio AMOXICILLINE+AC CLAV30;;;
430022 NOW VRS;;;
Disques antibiotiques TOBRAMYCINE 10;;;
GENTAMYCINE HN 500;;;
TOBRAMYCINE 10;;;
AC FUSIDIQUE 10;;;
Disques antibiotiques ERTAPENEME 10;;;
TEICOPLANINE 30;;;
KANAMYCINE HN 1000;;;
SUSPENSION MEDIUM;;;
MINOCYCLINE 30;;;
ANAEROBIES-CORYNE;;;
SABOURAUD CHLORAM ACTID  TUBE   42094;;;
ROSENOW CYSTEINE 25T  55683;;;
Disques antibiotiques MEROPENEME 10;;;
STREPTOMYCINE HN 500;;;
Disques antibiotiques IMIPENEM 10;;;
KOVA CELLULE NUMERATION USAGE UNIQUE;;;
CLOSTRIDIUM DIFFICILE(20 BOITES);;;
VITEK2 AST-N240;;;
Disques antibiotiques CIPROFLOXACINE 5;;;
Disques antibio NITROFURANTOINE 100Âµg;;;
PSIPETTES;;;
Disques antibiotiques ERYTHROMYCINE 15;;;
61611 PASTOREX MENINGO B/E.COLI K1;;;
Disques antibiotiques TETRACYCLINE 30;;;
CHAMBRE SIMPLE RAPIDE;;;
29528 UF II PACK BAC 2X2100 ML;;;
ROTA ADENOVIRUS COMBI;;;
Disques antibiotiques MINOCYCLINE 30;;;
CEFIXIME 10;;;
D antibio PIPERACILLINE TAZOBACTAM 36;;;
LEGIONNELLA GVPC   PO5074A;;;
29531 UF II CONTROL  2X47 ML;;;
ceftaroline CPT5;;;
29527 UF II PACK SED 2X2100 ML;;;
TAMPON PHOSPHATE M/15 1X450ML 55232;;;
PO5138A HAEMOPHILUS TEST MEDIUM (HTM);;;
CAMPYLOSEL  (20 BOITES)   43361;;;
43621 SM ID 2  (20 BOITES );;;
LOWENSTEIN;;;
FB   70562;;;
VIRUS RESPIRATOIRE SYNCYTIAL  52216;;;
TICARCILLINE + AC CLAVU 85;;;
31111 VIKIA ROTA ADENO;;;
CRYO BILLES CRYO 80/M;;;
CHROMID STREPTO B;;;
Disques antibiotiquesCEFTAZIDIME 10 Ã¹G;;;
R3:TAMPON PHOSPHATE M/15;;;
MINICON CS15;;;
NACL 0.85%  REF 20070;;;
Disques antibiotiques AZTREONAM 30;;;
TUBES POLYSTYRENE 12X75MM  69285;;;
BOUILLON COEUR CERVELLE en tube;;;
VIRUS RESPIRATOIRE SCREENING   52217;;;
Disques antibiotiqueFOSFOMYCINE 200 Ã¹G;;;
22238 VITEK AST P581;;;
29529 SEARCH SED  2X29 ML;;;
BP09 BOITES DE PETRI DIAMETRE 90;;;
AMPICILLINE 10;;;
Disques antibiotiques CEFOTAXIME 5Âµg;;;
Disques antibiotiques CEFIXIME 5Âµg;;;
ATB ANA;;;
GELOSE RPMI REF AEB122182 140MM;;;
SAFRANINE 500 ML;;;
Disques antibiotiques MECILLINAM 10;;;
TEICOPLANINE   522000;;;
LAMES    LR90D;;;
CHOCOLAT POLYVITEX    42079;;;
B430-022FR NOW VRS;;;
METAPNEUMOVIRUS;;;
NORFOXACINE 5;;;
LAMES POUR CYTOCENTRI   5991059;;;
SOLUTION SALINE VITEK2  21218;;;
STAPHYTECT PLUS;;;
CRISTAL VI0LET 500 ML;;;
PIPETTES DE TRANSFERT STERILES 3 ML;;;
Disques antibiotiques CEFOXITINE 30;;;
PIPETTE PASTEUR stÃ©rile en verre;;;
29530 UF II SEARCH BAC 2X25 ML;;;
Disques antibiotiquePIPERACILLINE 30Ã¹G;;;
IODINE 500 ML;;;
GXVANA/B-CE-10  XPERT VAN A IVD;;;
AEB521310 GELOSE BCP (20 BOITES);;;
SERNGUE 3ML SECURITE KENDALL REF FR053;;;
MYCOPREP TM;;;
SUSPENSION MEDIUM  REF 70700;;;
NETILMICINE 30;;;
MAY GRUNWALD  FR09765;;;
POINTE EP TIPS 200ÂµL;;;
Disques antibiotique GENTAMICINE 10 Âµg;;;
CHOCOLAT POLYVITEX;;;
LAMES POLY L LYSINE CHAMBRE SIMPLE;;;
Disques antibiotiques RIFAMPICINE 5Âµg;;;
POINTE EP TIPS 10ÂµL;;;
Disques antibiotiqueCHLORAMPHENICOL 30;;;
413117 AST N233;;;
ECOUVILLON ETPP TIGE PLASTIQUE;;;
DISPOSITIF DE  TRANSFERT;;;
mueller hinton  sg de cheval+b-NAD;;;
RIDA QUICK Rota/Adeno Sample diluent;;;
Disques antibiotiques CEFTAROLINE 5;;;
PIPETTE PASTEUR   PP230S;;;
AMOXICILLINE 500900;;;
Disques antibiotiques CLINDAMYCINE 2UI;;;
Disques antibiotiques LINEZOLIDE 10Âµg;;;
Disques antibio PENICILLINE G 1 UnitÃ©;;;
Disques AntibioAMOXICILLINE+AC CLAV30;;;
KIT DECONT PANTAV MP PROCESS 259760;;;
CEFPODOXIME 10;;;
CETREMIDE GELOSE 20 BOITES;;;
AEB110472 VRE BOUILLON;;;
254093 CANDIDA CHROMAGAR;;;
KANAMYCINE 30;;;
GELOSE CHOCO SPV VCAT REF 43611;;;
VPA + VPB   70572;;;
UMIC Bouillon MH;;;
257079 MILIEU GRANADA STREPTO B;;;
SCHAEDLER NEO VANCO  (10BOITES)  43223;;;
ETALEURS RECOURBES;;;
LEGIONELLA BCYE   PO5072A;;;
Etest minocycline MC256;;;
Disques antibiotiques NORFLOXACINE10ÂµG;;;
531600 ERTAPENEM;;;
Disques antibiotiques TICARCILLINE 75;;;
PO5069A MAC CONKEY / SORBITOL;;;
SOLUTION SUSPENSION   V1204;;;
Disques antibiotiques AMPICILLINE 2Âµg;;;
IVD MATRIX HCCA-PORTIONED;;;
GENEFINDER COVID-19 PLUS KIT;;;
TUBES LOEWENSTEIN-JENSEN;;;
PIPETTE SERUM STERILE 3ML CGP3S1;;;
Disques antibio STREPTOMYCINE 300;;;
VANCOMYCINE   525500;;;
WSS041C COLORANT GRAM CRISTAL VIOLET;;;
FLACONS BK EXPECTO REF 259797;;;
CEFSULODINE 30;;;
MECILLINAM;;;
Disques antibiotiques VANCOMYCINE 5ÂµG;;;
CEFAZOLINE OCULAIRE;;;
MUELLER HINTON HYPERSALE  56136  6X100;;;
BCP    REF 70510;;;
BioNexia Rota Adeno;;;
41864 MUELLER HINTON 6X200ML;;;
CN0025A CAMPYGEN 2.5 L 10 SACHETS;;;
NEOMYCINE OCULAIRE;;;
Disq antib CEFEPIME ACIDE CLAVULANIQUE;;;
KIT PANEL GASTRO-INTESTINAL;;;
PAPIER IMPRIMANTE ALERE READER;;;
MALT(GEL A L'EXTRAIT) AEB 121709;;;
ELITE INGENIUS PCR CASSETTE;;;
EHR    REF 70520;;;
GXCDIFFICILE-10 GX-C-DIFFICILE IVD;;;
NG RAPID TEST CARBA 5;;;
DISQUES ATB CEFTOLOZANE-TAZO 30-10 Âµg;;;
527400 LEVOFLOXACINE;;;
68446 CEFTAZIDIME ACIDE CLAVULANIQUE;;;
21347 VITEK 2 ANC;;;
D. antib CEFOTAXIME ACIDE CLAVULANIQUE;;;
MUELLER HINTON HYPERSALE  56136;;;
D.antib CEFTAZIDIME ACIDE CLAVULANIQUE;;;
MALDI BIOTARGET 96 CE-IVD;;;
IMIPENEME   513500;;;
Disques antibioTICARCILLINE+AC CLAVU85;;;
E COLI NONAVALENT   57 411;;;
MUPIROCINE 5;;;
CELKP1 PNEUMOCYSTIS  EN IF DIRECTE;;;
68466 CEFEPIME ACIDE CLAVULANIQUE;;;
TV50051 SELENITE 50 TUBES;;;
ESCULINE 30T 54314;;;
68456 CEFOTAXIME ACIDE CLAVULANIQUE;;;
67248 POLYMYXINE B;;;
PSIPETTES  REF  70250;;;
PENICILLINE   502500;;;
Disques antibiotiques CEFTAZIDIME 30;;;
SANG STERILE DE MOUTON   56652;;;
DOXYCYCLINE DC 256 E TESTS;;;
TB THIAZINE RED 8X250 ML;;;
CEFOTAXIME  505600;;;
DIGESTEUR  DDODIG00 B6  5 X 10ML;;;
YST VITEK VTK2;;;
TB AURAMINE  8X250 ML;;;
IVD BACTERIAL TEST STANDARD;;;
E TEST AMOXICILLINE 500900;;;
AG0031A CLIPS ANAEROJAR PAR 2;;;
BARRETTE DE FERMETURE   AN0005C;;;
BOUCHON COIFFANT VACUCAP 16MM;;;
CLINDAMYCINE 2UI;;;
SENSITITRE YEASTONE PLATE;;;
YEAST BROTH;;;
41244 BASE COLOMBIA 6 X 200ML;;;
Disques antibiotiquesAC NALIDIXIQUE 30;;;
535000 DAPTOMYCINE DPC 256;;;
METRONIDAZOLE   530000;;;
BOUCHON  COIFFANT TUBE 16MM;;;
Disques antibiotiques CEFOTAXIME 30;;;
DISQUES ANTIBIO CEFTAZIDIME 10 AVI 4;;;
DR0585A GROUPAGE STREPTO ABCDFG;;;
norovirus rapide 25 tests;;;
21346 NEISSERIA HEMOPHILUS VITEK 2;;;
CETREMIDE GELOSE 10 BOITES;;;
NIT1+NIT2   70442;;;
Disques antibiotiquesCEFTAZIDIME 10 ùG;;;
VP1+VP2    70422;;;
E TEST METRONIDAZOLE   530000;;;
BIOSART 100 Mb BLANCHE;;;
MUELLER HINTON boites rondes;;;
Disques antibiotiques AMIKACINE 30;;;
TUBES COLETSOS;;;
JAMES   70542;;;
43431CLOSTRIDIUM DIFFICILE(20 BOITES);;;
Disques antibio NITROFURANTOINE 100µg;;;
Disques antibiotique PRISTINAMYCINE 15;;;
MINICON CS15 REF9051;;;
LOWENSTEIN 25 TUBES 42089;;;
ATB ANA EU;;;
70493  ZYM B  2 AMPOULES;;;
Disques antibiotiques CEFOTAXIME 5µg;;;
QUICKVUE DIPSTICK STREPTO A;;;
UMIC Vancomycine/Teicoplanine;;;
Disques antibiotiqueFOSFOMYCINE 200 ùG;;;
DOXYCYCLINE;;;
Disques antibiotiques RIFAMPICINE 5µg;;;
Solution OS Organic Solvant;;;
TRIMETHOPRIME 5;;;
bactidrop oxydase 50x 0.75ml;;;
SPECTINOMYCINE 100;;;
96118 INDICATEUR ANAEROBIOSE;;;
22243 VITEK 2 AST NO93;;;
529100 E TEST FOSFOMYCINE FM 1024;;;
CEFTRIAXONE VB   506700;;;
Disques antibiotique TELITHROMYCINE 15;;;
UMIC BOUILLON MH II CE;;;
Disques antibiotiques AC FUSIDIQUE 10;;;
PSEUDOMONAS  PMA      58922;;;
RAPID ID32 STREP;;;
GELOSE KLIGER MILIEU UNIVERSEL;;;
MICROSART ADD FILTER 100 STERILE;;;
20125  QUICKVUE DIPSTICK STREPTO A;;;
MUELLER HINTON SANG CHEVAL + NAD;;;
70492  PYZ 2 AMPOULES;;;
Disques antibiotiqueGENTAMYCINE HN 500;;;
XPERT FLU CE-IVD KIT DE 10 TESTS;;;
TB FLUO DECOLORANT  8X250 ML;;;
Disques antibiotiques LINEZOLIDE 10µg;;;
SHIGELLA SERUMS A1 ET A2   57182;;;
PYR    R30854301;;;
UREE INDOLE  55752;;;
Disques antibiotiques CEFIXIME 5µg;;;
Disques antibiotiques AMPICILLINE 10;;;
PIPETTES TRANSFERT STERILES 7 ML /10;;;
Flacons stÃ©riles avec billes standarts;;;
Disques antibiotiquesGENTAMICINE 30 Ã¹G;;;
GXMRSA/SA-BC-CE-10 XPERT MRSA/SA BC;;;
Disques antibiotiques TEICOPLANINE 30;;;
70494  ZYM A  2 AMPOULES;;;
Disques antibiotique GENTAMICINE 10 µg;;;
RAPID ID 32 A;;;
COEUR CERVEAU BHI AEB 520410;;;
Disques antibiotiques KANAMYCINE 30;;;
DR0587G TEST LATEX B STREP;;;
AEROSPRAY SOLUTION DE NETTOYAGE;;;
HEMOTEST;;;
MANNITOL MOBIL NITRATE 25T;;;
SCHAEDLER BROTH HB ET VIT K;;;
BRILLIANCE GBS AGAR;;;
BICHROLATEX ALBICANS   5249;;;
E TEST 527400 LEVOFLOXACINE;;;
MANNITOL MOBIL NITRATE 25T   55514;;;
XPERT CT / NG  10 TESTS;;;
LEGIONELLA BCYE SANS CYSTEINE   PO5028;;;
Disques antibiotiques VANCOMYCINE 5µG;;;
AMPICILLINE 2µg;;;
5451 HEMOTEST;;;
NIN;;;
CPS ID 3  ;;;
PSEUDOMONAS   PMC    58942;;;
TDA;;;
21255 STD CAL DENSICHEK PLUS;;;
ID COLOR CATALASE;;;
Disques antibiotiquePIPERACILLINE 30ùG;;;
RAPID ID 32 E;;;
B416-000FR NOW INFLUENZA A ET B;;;
DORIPENEME 10;;;
SHIGELLA SERUMS C1.C2.C3   57183;;;
E TEST DOXYCYCLINE DC 256;;;
PSEUDOMONAS   PME    58932;;;
LAMELLE COUVRE OBJET  LC02460;;;
CEFTAROLINE CPT5;;;
XYL   REF 70530;;;
TELITHROMYCINE 15;;;
gentamicine 10 µg;;;
GELOSE NUTRITIVE25T 54478;;;
Disques antibio PENICILLINE G 1 Unité;;;
Disques antibiotiques NORFLOXACINE10µG;;;
norfloxacine 10µG;;;
ETALEURS RECOURBES   901114;;;
MRS BOUILLON 25T;;;
PSEUDOMONAS   PMF   58952;;;
XPERT CT / NG;;;
E COLI  TRI III  57 351;;;
Culture colony test;;;
151261 FLACON 500ML EN PE IRRADIE;;;
E coli O111: B4  57241;;;
PSEUDOMONAS   P6   58906;;;
Disques antibiotiquePIPERACILLINE 100;;;
Disques antibiotiques COLISTINE 50;;;
D antibio PIPERACILLINE TAZOBACTAM 110;;;
R3:TAMPON PHOSPHATE M/15 REF 42103;;;
DISQUES  QUINUSPRISTINE-DALFOPRISTINE;;;
DR0620M ECOLI O157 TEST AU LATEX;;;
DISQUES DE FACTEUR V+X  DD0005L;;;
NITROCEFIN DISK;;;
ABB3428 IMIPENEME + EDTA;;;
penicilline G 1 Unité;;;
NITROFURANTOINE 100µg;;;
Disques antibiotiques OXACILLINE 1 Ã¹G;;;
Disques antibiotiques DOXYCYCLINE 30;;;
E COLI O26 : B6  57211;;;
NET30 NETILMICINE DISQ. 5 X 50;;;
43421 GELOSEYERSINIA CIN;;;
E TEST DAPTOMYCINE DPC 256 535000;;;
FLUCONAZOLE   ABB 1088;;;
DISQUES DE FACTEUR X  DD0003L;;;
BETA LACTAMASE;;;
SABOURAUD GLUCO   PO5001A;;;
LAMES CONTROLE GRAM +;;;
HÃ©moglobine humaine dans les selles;;;
CEFTRIAXONE 30;;;
Disques antibiotiques TEMOCILLINE 30µg;;;
Disques antibiotiques MUPIROCINE 200Ã¹G;;;
KIT CONTROLE DENSITOMETRE  15512;;;
3140  GLABRATA   RTT;;;
SHIGELLA FLEXNERI   57 151;;;
RAPID ID 32 A        32300;;;
E COLI  TRI II 57 341;;;
Lames de ctrl BK 2 puits;;;
AMOXICILLINE AC.CLAVULANIQUE   501000;;;
AEB611326 DNP + THIOSULFATE TAMPON;;;
ABB2908 MOXIFLOXACINE;;;
Lames de ctrl Gram 2 puits;;;
ABB3248 CASPOFONGINE;;;
RIFAMPICINE RI 32 WW S30;;;
DISQUES DE FACTEUR V   DD0004L;;;
PSEUDOMONAS   P2    58902;;;
NOUVELLE REF 21343  YST VITEK VTK2;;;
PSEUDOMONAS   P12   58912;;;
61607 PASTOREX MENINGITIS 25 TESTS;;;
PSEUDOMONAS   P11   58911;;;
GALERIES NEISSERIA  REF 53740;;;
KIT PANEL MENINGO-ENCEPHALITE;;;
BD BACTEC MGIT SUPPLEMENT;;;
CEFTRIAXONE VB;;;
LAMES CONTROLE BK  CDT40;;;
70491 NIN  2 AMPOULES;;;
TRIBUTYRINE  BIBIDT57-51 25 CPES;;;
CANULES TRANSFERT URINES;;;
Disques antibiotiques DORIPENEME 10;;;
ITRACONAZOLE   ABB 2588;;;
PSEUDOMONAS   P5   58905;;;
PSEUDOMONAS   P14   58914;;;
HUILE DE PARAFFINE  REF 70100;;;
PSEUDOMONAS   P4   58904;;;
E COLI O128 : B12  57291;;;
SALMONELLA MELANGE O M A  REF 60801;;;
TAMPON PBS REF 31098;;;
PSEUDOMONAS   P15   58915;;;
PSEUDOMONAS   P3   58903;;;
GIEMSA FR09264 2L;;;
RAPID ID32 STREP    32600;;;
GENTAMICINE   512500;;;
E COLI O125 : B15  57261;;;
PIPERACILLINE TAZOBACTAM 36ùG;;;
E COLI O55 : B5  57221;;;
LAMES DE SURFACE   FR 50391;;;
PSEUDOMONAS   P7   58907;;;
PSEUDOMONAS   P13   58913;;;
SHIGELLA SHIGA   57 161;;;
BACTIDENT AMINOPEPTIDASE 113301-0001;;;
MYCOPREP TM REF 240862;;;
LINEZOLIDE 10µg;;;
535700 MICAFONGINE MYC 32;;;
PORTAGERM FLACON    41995;;;
REACTIF DE KOVACS   55631;;;
disque amoxicilline 20ÂµG;;;
CHROMID OXA-48 GELOSE  20 BOITES;;;
CLINDAMYCINE   509500;;;
PSEUDOMONAS   P8   58908;;;
BLSE Drigalski/mac conkey;;;
CD0025A CO2 GEN 2.5 L ;;;
ceftaroline MICE evaluator (MICE);;;
BLSE drigalski/Mac Conkey;;;
AMPICILLINE   501500;;;
E TEST MOXIFLOXACINE ABB2908;;;
E COLI O119 : B14  57251;;;
disque amoxicilline 20µG;;;
GELOSE MHF sang de cheval+NAD;;;
11513860 HUILE ` IMMERSION  20 ML;;;
BETA LACTA TEST;;;
RIFAMPICINE 5µg;;;
E COLI O126 : B16  57271;;;
E COLI O127 : B8   57281;;;
API NH;;;
STREPTOMYCINE 10;;;
CEFOTAXIME 5µg;;;
93059 DENSICHEK CALIBRATION STANDARD;;;
ID 32 STAPH;;;
UMIC Piperaciline(+Tazobactam);;;
Disques antibiotiques MOXIFLOXACINE 5;;;
OXYDASE  REF 53832;;;
antibioamoxicilline-ac clavulanique3Âµg;;;
68908 METRONIDAZOLE 4;;;
Flacons stériles avec billes standarts;;;
CONSERVATION SOUCHES;;;
ELITE INGENIUS FILTER TIPS 300;;;
TDA   REF  70400;;;
GELOSE V F 30T;;;
P05138A HAEMOPHILUS TEST MEDIUM (HTM);;;
E TEST FOSFOMYCINE FM 1024 529100;;;
22108 VITEK 2 YS CPC;;;
INVERSION DE PHASE SG 6    61 061;;;
SALMONELLA MONOVALENT 9   59101;;;
E COLI   57 331;;;
PSEUDOMONAS   P10   58910;;;
532800 VORICONAZOLE E TEST;;;
CORYNE  API;;;
SHIGELLA SONNEI  57 171;;;
SALMONELLA MONOVALENT 6.7.8    59062;;;
E COLI O86 : B7  57231;;;
DR0420M DRYSPOT PNEUMOCOQUE;;;
PSEUDOMONAS   P1    58901;;;
PORTAGERM PILORI;;;
RPMI    AEB 122180;;;
Milieu de transport VDK;;;
SOLUTION NETTOYAGE BUSES (2.5l/2.5l);;;
SALMONELLA MONOVALENT I   60161;;;
RAPID POLYMYXIN NP;;;
BOUILLON MH+TES;;;
SALMONELLA MONOVALENT 4.5    59021;;;
SAR164014706ACK BIOSART 100 Mb BLANCHE;;;
223143 DIFCO FA BUFFER;;;
PSEUDOMONAS   P16   58916;;;
TUBES DE MILIEU RELEASAT;;;
ALERE READER CAL CHECK CARD PACK;;;
E TEST PENICILLINE   502500;;;
526300 AMPHOTERICINE B;;;
DNAZAP 2X250 ML;;;
OFLOXACINE   ABB 1968;;;
PLATE DRY CUSTOM IVD GRAM N-;;;
ID 32 GN;;;
NETILMICINE 10 ùG;;;
SALMONELLA MONOVALENT G.M   61 121;;;
RESERVOIR STERILE 25 ML;;;
ONPG    REF 53822;;;
Disques antibiotiques MUPIROCINE 200ùG;;;
BOUILLON HYPERT25T  53 384;;;
Xpert carba;;;
70900 MAC FARLAND STD 0.5-2;;;
Disques antibiotiques OXACILLINE 1 ùG;;;
751630 IMMUNOCARD STAT EHEC;;;
KIT KPC + MBL 50 TESTS;;;
COMBUR 9 TESTS  10398420;;;
LDC.ODC.ADH   REF 53 725;;;
SALMONELLA MELANGE O M B  REF 60811;;;
COUPONS SOUCHES ATCC 12980;;;
CHOCOLAT POLYVITEX TUBES;;;
PSEUDOMONAS   P9   58909;;;
SALMONELLA MONOVALENT A  60111;;;
SALMONELLA MONOVALENT P   61 118;;;
SALMONELLA MONOVALENT D   60141;;;
Disques antibiotiques AMPICILLINE 2µg;;;
ID 32 E;;;
CHOCOLAT POLYVITEX TUBE;;;
E TEST RIFAMPICINE RI 32 WW S30;;;
SVEN GARD25T25ML;;;
E TEST CEFOTAXIME  505600;;;
Disques antibiotiquesGENTAMICINE 30 ùG;;;
CIPROFLOXACINE   508500;;;
Disques antibiotiques OFLOXACINE 5;;;
EMBOUTS STERILES;;;
MUPIROCINE 200ùG;;;
Disque antibioLATAMOXEF/ MOXALACTAM 30;;;
AEB110110 BOUILLON COEUR CERVELLE;;;
BOUILLON MAC CONKEY;;;
E TEST CEFTRIAXONE VB;;;
UMIC Colistine;;;
TEMOCILLINE 30µg;;;
SS029C AEROSPRAY SOLUTION DE NETTOYAGE;;;
SALMONELLA MONOVALENT 1.2   59031;;;
080166 BOUCHON  COIFFANT TUBE 16MM;;;
531300  LINEZOLIDE;;;
SALMONELLA AGGLUTINANT VI   60 951;;;
VIKIA ROTA ADENO 31111;;;
Disques antibiotiquesNETILMICINE 10 Ã¹G;;;
41354 BCP  FLACON 6 X 200ML;;;
COLOR GRAM R3   55547;;;
cefixime IX E TESTS;;;
MAGNA AMP G.STEAROTHERMOPHILUS;;;
MEROPENEME MP 32 E TESTS;;;
Disques antibiotiques CEFALEXINE 30 ùG;;;
DR0593G ENZYME D'EXTRACTION;;;
BIBIDT25 52 HIPPURATE HYDROLYSE 50CPES;;;
CEFTAZIDIME   506800;;;
TICARCILLINE AC.CLAVULANIQUE   ABB 226;;;
Vancomycine 5µG;;;
bouillon coeur cervelle oxoid;;;
Seringues BD 3ml Luer Lok Tip;;;
98006 KIT KPC + MBL 50 TESTS;;;
LEUCINE AMINOPEPTIDASE;;;
44611 SPS 50 CPES;;;
DR0801M LEGIONELLA PNEUMOPHILA 1;;;
AEB 121259 KLIGLER;;;
API 20 E;;;
22238 VITEK AST P631;;;
Parasign bailenger;;;
CHROMID CARBA SMART AGAR;;;
Disques antibio CEFAZOLINE OCULAIRE 30;;;
RUBAN POUR IMPRIM MINI API Ref 99721;;;
AEB120290 MH CLOXA;;;
MBT SEPSITYPER IVD KIT;;;
SALMONELLA MONOVALENT B   60121;;;
Disques antibiotiques CEFALEXINE 30 Ã¹G;;;
API 20 A;;;
CEFEPIME  505000;;;
API 20 NE;;;
MILIEU ENRICH VIBRIO 25T  55914;;;
antibioamoxicilline-ac clavulanique3µg;;;
CHOCOLAT POLYVITEX (TUBE)   42079;;;
amoxicilline- ac clavulanique 3µg;;;
PIPERACILLINE TAZOBACTAM 110ùG;;;
PIPERACILLINE 100 ùG;;;
DISQUEATBQUINUSPRISTINE-DALFOPRISTINE;;;
FOSFOMYCINE 200 ùG;;;
E TEST ERTAPENEM 531600;;;
E TEST CLINDAMYCINE   509500;;;
SALMONELLE MONOVALENT W   61 116;;;
CEFIXIME 5µg;;;
PIPERACILLINE 30ùG;;;
XPERT FLU/RSV XC;;;
SALMONELLA MONOVALENT M   61 117;;;
OXACILLINE 1 ùG;;;
SERUM ANTI LISTERIA O POLY   A5 2302-5;;;
E TEST IMIPENEME   513500;;;
CEFTAZIDIME 10 ùG;;;
STREPTOMYCINE 300µg;;;
CEFALEXINE 30 ùG;;;
RIFAMPICINE   ABB 2178;;;
CLEARVEW EXACT PLP2a;;;
YERSINIA  IMMUNSERUM O:3       63501;;;
E TEST VANCOMYCINE   525500;;;
533500 TIGECYCLINE 30 tests;;;
SOL ENRICH MB BLOOD REF 259877;;;
BRILLIANCE GBS;;;
RAPID ID 32 E   32700;;;
ID COLOR CATALASE    55561;;;
TRYPTO CASEINE SOJA 25T 53454;;;
BD BBL MGIT;;;
61717 PASTOREX DILUANT 25 TESTS;;;
TC10C TUBE A CENTRIFUGER FON CONIQUE;;;
MRS BOUILLON 25T  54488;;;
TUBES  DE BROYAGE A USAGE UNIQUE;;;
GENTAMICINE 30 ùG;;;
BETA LACTAMASE   55622;;;
API CAMPY;;;
Brain Haert BIORAD;;;
DR0500G CARTES AGGLUTINATION;;;
BETA CARBA TEST;;;
Disques antibiotiques POLYMYXINE B 300;;;
R 8311001 RAPID NH  20 IDENTIFICATIONS;;;
VH18145 TUBES COL A VIS FOND PLAT;;;
31111 VIKIA ROTA ADENO (*20);;;
DRO800M LEGIONELLA LATEX TEST;;;
CM0487B GELOSE TINSDALE 500G;;;
API 20 A     20300;;;
Disques antibiotiques CEFUROXIME 30 ùG;;;
CMI CEFTAZIDIME AVIBACTAM;;;
R 8325102 RAPID INOC FLUID 1ML 20TUBES;;;
SVEN GARD25T25ML  53 430;;;
 LEGIONELLA  NOW  22 TESTS B852-000FR;;;
ID 32 C   32200;;;
Disques antibio SPECTINOMYCINE 100;;;
ID-FUNGI PLATES;;;
BH TIP  50-1000;;;
KIT SUPPLEMENT;;;
META PNEUMO VIRUS HUMAIN;;;
BOITES DE PETRI RONDES DIAMETRE 90;;;
GELOSE HAEMOPHILUS2 43681;;;
CONSERVATION SOUCHES  63 683;;;
ABB3730 COLISTINE E TEST 30 BANDELETTE;;;
42108 SABOURAUD LIQUIDE;;;
E TEST AMOXICILLINE AC.CLAVULANIQUE;;;
Disques antibiotique AMOXICILLINE 20ÂµG;;;
Disques antibiotiques VANCOMYCINE 30;;;
ECOUVILLON POUR KIT CT/NG;;;
CLOSTRIDIUM DIFFICILE(20 BOITES) 43431;;;
SERUM DE CHEVAL   55842;;;
GRAM REAGENT C SS-041-EU;;;
Piperacilline, tazobactam etest;;;
ZN      70380;;;
E TEST AMPICILLINE   501500;;;
Disques antibio NEOMYCINE OCULAIRE 30;;;
NOW STREPTOCOCCUS PNEUMONIAE;;;
Disques antibiotiquesNETILMICINE 10 ùG;;;
BINAX NOW nasopharyngeal swab;;;
BANDELETTES OXYDASE MICROBACT 50BD;;;
E TEST MEROPENEME MP 32;;;
CETRIMIDE6X200ML 55857;;;
45711 OXYDASE   50 CPES;;;
RPMI;;;
FLACONS MYCO SANG REF 251011;;;
ID 32 E     32400;;;
SCHAEDLER NEO VANCO  (20 BOITES)  43223;;;
BUTZLER;;;
ID 32 GN   32100;;;
PARASEP MAXI TUBE 15 ML;;;
MILIEU DE TRANSPORT  TGV AER;;;
ID 32 STAPH   32500;;;
NOVOBIOCINE    ;;;
EMBOUTS STERILES  15710;;;
OXACILLINE  E-test;;;
 LINEZOLIDE  E-test;;;
API NH   10400;;;
FOSFOMYCINE  E-test;;;
HAEMOPHILUS TEST MEDIUM (HTM) P05138A;;;
KING B  55278;;;
PO5062A GELOSE BEA;;;
PORTAGERM   41 999;;;
GRAM REAGENT B SS-041B-EU;;;
TDA   REF  70402;;;
GRAM REAGENT A SS-041A-EU;;;
CORYNE  API   20900;;;
NOW VRS B430-022FR;;;
Xpert carba-ruo;;;
98008 KIT BLSE + AMPC SCREEN  50 TESTS;;;
TUBE RACK TUBES 1.5ML 36 PUITS;;;
PARASEP Concentrateur parasites fÃ©caux;;;
2019-nCoV IgG/IgM Rapid Test Cassette;;;
E TEST CEFEPIME  505000;;;
CLARITHROMYCINE;;;
Disques antibiotiques CEFALOTINE 30;;;
FRITTE INOX POUR MEMBRANE DIA 47MM;;;
ID INDOLE TDA   56541;;;
MILIEU T C B S 6X100ML  55933;;;
GELOSE NUTRITIVE25T;;;
TP CHECK MPT64;;;
50611 BETA GLUCURONIDASE;;;
E TEST GENTAMICINE   512500;;;
ETHANOL ABSOLU ANALAR NORMAPUR ACS;;;
VHCAP 1640 CAPSULES ALU + JOINT BUTYLE;;;
Disques antibiotiques CEFPIROME 30;;;
API LISTERIA REF 10300;;;
PROSPORE 2 G.STEAROTHERMOPHILUS 10E6;;;
PARASEP Concentrateur parasites fécaux;;;
BH TIP 5-200F;;;
CEFUROXIME 30 ùG;;;
R 8309004 RAPID NITRATE B   15ML;;;
CMI CEFTOLOZANE TAZOBACTAM;;;
Disques antibiotiques PENICILLINE 5;;;
MICROTUBE SAFE LOCK 3815 1.5ML;;;
ANTISERUM ESCHERICHIA COLI O127 B8;;;
OSES RIGIDES OPS1D;;;
Disques antibio STREPTOMYCINE 10;;;
44311 BILE 50 CPES;;;
BILLES DE VERRE   BILV3;;;
ECOUVILLONS FECAL SWAB;;;
PIPERACILLINE TAZOBACTAM 85;;;
TIGECYCLINE 30 tests;;;
COUP100 COUPELLES 80 X 80 CARTON 1000P;;;
BOUCHON DE SECURITE POUBELLE COL S60;;;
Disques antibiotiques LINCOMYCINE 15;;;
API 20 E   20100;;;
FLACONS BACT/ALERT MP;;;
FILTRES A CHARBON X5;;;
erythromycine EM 256 E TESTS;;;
KIT PANEL RESPIRATOIRE RP2 PLUS;;;
CARTOUCHE CHARBON ACTIF 100 GRAMMES;;;
TUBES STERILES PREREMPLIS;;;
Disques antibiotiques CEFTRIAXONE 30;;;
SUPPLEMENTED BRUCELLA BROTH;;;
ERTAPENEM  E-test;;;
AMIKACINE    501300;;;
ACETONITRILE HIPERSOLV CHROMANOR LC-MS;;;
EZTEST VAPEUR G STEARO 10E6;;;
BH TIP 0.1-10F;;;
E TEST CEFOXITINE;;;
METHODE DE SVEN GARD SERUM SG1;;;
MILIEU ENRICH VIBRIO 25T;;;
SELENITE 50 TUBES TV50051;;;
LAMELLE COUVRE OBJET   LCO2222;;;
BH TIP 50-1000F;;;
METRONIDAZOLE    50 ug;;;
VERT BRILLANT    ;;;
METRONIDAZOLE 16 ug;;;
66412 IMIPENEME EDTA 10+750 µg;;;
cytoclips pour centrifugeuse shandon;;;
E TEST AZTREONAM;;;
E COLI   TRIVALENT 1( 57331);;;
SALMONELLA MONOVALENT H:a  60111;;;
SALMONELLA MONOVALENT H:i   60161;;;
PIPERACILLINE+TAZOBACTAM  E-test;;;
LAMES CONTROLE GRAM ;;;
AMIKACINE  E-test  ;;;
GENTAMICINE   E-test;;;
TIGECYCLINE E-test;;;
MUPIROCINE  E-test;;;
44311 BILE 50 disques;;;
44611 SPS 1000 ug;;;
RUBAN MINI API IMPRIMANTE ( 99721);;;
API 20 NE   20050;;;
KIT PANEL PNEUMONIA PLUS 30 TESTS;;;
TRIMETHOPRIME-SULFAMETHOXAZOLE  ABB 24;;;
JOINT PLAT SILICONE SOUS LE FRITTE;;;
API CAMPY   20800;;;
ABB3288 VORICONAZOLE E TEST;;;
COLOR GRAM R2   55546;;;
ABB 2638 AMPHOTERICINE B;;;
61212 IMIPENEME 10 µg  ;;;
N1402 RIDA QUICK NOROVIRUS 25 TESTS;;;
DISQUES DE FACTEUR V   DD0004T;;;
MICAFONGINE E-test;;;
GELOSE V F 30T 54716;;;
45711 OXYDASE   ;;;
SALMONELLE MONOVALENT H:w  61116;;;
RECHARGE DE POINTES EP TIPS 1000ÂµL;;;
GENTAMICINE  VH  512700;;;
DAPTOMYCINE  E-test;;;
KIT PANEL GASTRO INTESTINAL IVD30;;;
IMIPENEME  E-test;;;
66412 IMIPENEME + EDTA 10/750 µg;;;
E TEST CMI CEFTAZIDIME AVIBACTAM;;;
Azithromycine AZ;;;
KANAMYCINE    BIBIDT29-52;;;
Hémoglobine humaine dans les selles;;;
erythromycine EM;;;
bactidrop oxydase;;;
cefixime IX;;;
ELUANT 2  019553 1P;;;
E TEST MEROPENEME MP 32   30 BLISTER;;;
Brain heart;;;
Xpert MTB/RIF;;;
TROUSSE D'ACCESSOIRES POUR PRELEVEMENT;;;
COEUR CERVEAU  AEB 520410;;;
METHODE DE SVEN GARD SERUM SG4;;;
852100 LEGIONELLA  NOW  22 TESTS;;;
SUPPLEMENT DE TINSDALE SR0065A;;;
KING A;;;
EAU HIPERSOLV CHROMANORM HPLC;;;
E TEST TIGECYCLINE 30 tests;;;
Disques antibiotiques CEFPODOXIME 10;;;
imipenem;;;
KING A 55274;;;
CEFPIROME 30;;;
DR0300M ECOLI DRY SPOT;;;
VERT BRILLANT    BIBIDT14-52;;;
mueller hinton Etest;;;
NOVOBIOCINE    BIBIDT39-54;;;
LEVOFLOXACINE  E-test;;;
OFLOXACINE  E-test;;;
CEFINASE  55622;;;
E TEST ITRACONAZOLE   ABB 2588;;;
22108 VITEK 2 AST-YS08;;;
YERSINIA  IMMUNSERUM O:9       63502;;;
R 8309003 RAPID  NITRATE A  15ML;;;
SAR 17576 K  FILTRE MINISART SRP 25;;;
MEVAG 25T 55544;;;
SABOURAUD GLUCOSE PO5001A;;;
KIT ME PANEL IVD 30 TESTS;;;
61618 PASTOREX MENINGITIS CTLE;;;
SALMONELLA MONOVALENT H:d   60141;;;
SPIRAMYCINE 100;;;
Shigella dysenteriae monovalent  57161;;;
FORMIC ACID 99% HIPERSOLV CHROMANORM;;;
E TEST IMIPENEME + EDTA ABB3428;;;
E TEST OFLOXACINE   ABB 1968;;;
SELENITE 50 TUBES TV5005I;;;
E TEST CASPOFONGINE ABB3248;;;
R 8309002 RAPID SPOT INDOLE;;;
ERYTHROMYCINE EM 256;;;
E TEST CEFTAROLINE MICE EVALUATOR;;;
SALMONELLA MONOVALENT H:m   61117;;;
GARDNERELLA 20 BOITES 43411;;;
CEFEPIME  E-test;;;
ETEST CEFTAROLINE CPT 32;;;
SALMONELLA MONOVALENT H:b   60121;;;
SALMONELLA MONOVALENT H:p  61118;;;
REF 99721 MINI API IMPRIMANTE;;;
61717 PASTOREX MENINGITIDIS DILUANT ;;;
Azithromycine E-test;;;
AMPHOTERICINE B E-test;;;
LR90SF02 LAMES;;;
VANCOMYCINE E-test;;;
COLOR GRAM R4   55548;;;
8H4801 SERINGUE RET/WBC PART A 2.5 ML;;;
STA CACL2 0.025M   00367;;;
COLOR GRAM R1   55545;;;
 IMIPENEME + EDTA  E-test;;;
TEICOPLANINE E-test;;;
MEROPENEME  E-test;;;
CEFOTAXIME E-test;;;
PENICILLINE  E-test;;;
 VORICONAZOLE E-test;;;
CASPOFONGINE E-test;;;
AEROSPRAY RESIDUE SOLVEN;;;
ANTI PR3  24 TESTS;;;
ANTI- DSDNA IGG  24 TESTS;;;
KIT DE CALIBRATION MGIT320 (17 tubes);;;
ENA SCREEN   24 TESTS;;;
ITRACONAZOLE E-test;;;
834-662 CONNEXION JOINT ABL 90 FLEX;;;
AMOXICILLINE E-test;;;
ETESTTICARCILLINE ACCLAVULANIQUEABB226;;;
METRONIDAZOLE  E-test;;;
CEFIXIME E-test;;;
MIC TEST  STRIP DALBAVANCIN;;;
METHODE DE SVEN GARD SERUM SG3;;;
KING B;;;
 MOXIFLOXACINE  E-test;;;
ETIQUETTES FLACON PED PLUS;;;
METRONIDAZOLE    BIBIDT36-52;;;
Hémoglobine humaine contrôle positif;;;
Hémoglobine humaine contrôle négatif;;;
ABB0878 CLARITHROMYCINE E TEST;;;
REF 99720 MINI API IMPRIMANTE;;;
ETIQUETTES CODE BARRE AEROBIC 44 21047;;;
ETIQUETTES CODE BARRE LYTIC   4421050;;;
CMI ceftobiprole 0.002ÂµG/mL;;;
22108 VITEK 2 AST-YS07;;;
Disques antibiotiques METRONIDAZOLE 4;;;
Azithromycine AZ E TESTS;;;
OXACILLINE   520500;;;
UMIC BOX Vanco/Teico;;;
UMIC BOX Piper(+Tazo);;;
UMIC BOX Colistine;;;
ABB2278 TOBRAMYCINE;;;
R8309002 RAPID SPOT INDOLE;;;
ABB1158 ACIDE FUSIDIQUE;;;
TOBRAMYCINE E-test;;;
Rifampicine 5µG;;;
MINI API IMPRIMANTE;;;
CETRIMIDE;;;
VANCOMYCINE  30 µG   BIBIDT61-54;;;
DORIPENEME  E-test;;;
PBP 2a Culture colony test;;;
EXTRAIT DE FILDES   04601;;;
COLISTINE    BIBIDT16-52;;;
REF 99721 RUBAN MINI API IMPRIMANTE;;;
Disques antibiotiques CEFSULODINE 30;;;
SERINGUES SECURITE BACTALERT;;;
E TEST DOXYCYCLINE DC 256   30 BLISTER;;;
meropenem/meropenem+edta e test;;;
CITRATE DE SODIUM 25T;;;
K6912511-2 IMAGEN HMPV;;;
COUPONS INOX 10^6 G stearothermophilus;;;
PORTAGERM PILORI  8 FLACONS;;;
Disques antibiotiques CEFUROXIME 30 Ã¹G;;;
DISQUES ATB CEFTOLOZAM30/TAZO10;;;
Disques antibiotiqueCLARITHROMYCINE 15;;;
AMPICILLINE   E-test;;;
KANAMYCINE 500 ug 43112;;;
VANCOMYCINE  30 µG   ;;;
HIPPURATE HYDROLYSE ;;;
RAPID INOC FLUID 1ML 20TUBES;;;
10041 ACIDE BORONIQUE  25CPS;;;
Erythromycine E-test;;;
 DOXYCYCLINE  E-test;;;
RIFAMPICINE E-test;;;
INOCULATEUR OSE 1Âµl;;;
COLISTINE  E-test;;;
ACIDE FUSIDIQUE E-test;;;
CIPROFLOXACINE    E-test;;;
CLINDAMYCINE    E-test;;;
GENTAMICINE  VH   E-test;;;
TRIMETHOPRIME-SULFAMETHOXAZOLE  E-test;;;
CEFTAZIDIME   E-test;;;
10041 ACIDE BORONIQUE  ;;;
COLISTINE    66312;;;
BABCMI55-57 METRONIDAZOLE 16;;;
E TEST CIPROFLOXACINE   508500;;;
E TEST TEMOCILIN;;;
MYCOPREP TM ;;;
Oxacilline 1µg;;;
MICRO TUBE 2 ML SARSTEDT;;;
TEMOCILLINE 30 µG    5x50;;;
KIT PANEL PNEUMONIA PLUS;;;
BH TIP 0.5-20F;;;
E TEST CEFIXIME IX;;;
E COLI TRI 1   57332;;;
DISQUES ANTIBIOTIQUES CEFTOBIPROLE 5ÂµG;;;
LAME DE CONTRôLe pneumocystis;;;
PLAQUES CMI IVD ANA;;;
E TEST DORIPENEME DOR 32   30 BLISTER;;;
CITRATE DE SODIUM 25T  61 834;;;
E TEST CMI CEFTOBIPROLE 0.002ÂµG/mL;;;
E TEST CEFTAZIDIME   506800;;;
